{
  "n_queries": 1493,
  "n_actions": 3,
  "n_obs": 4479,
  "n_atoms": 48,
  "alpha_ridge": 1.0,
  "M0_query_only": {
    "r2_total": 0.6021779604342564
  },
  "M1_A3_additive": {
    "r2_total": 0.8693956979869922,
    "r2_within": 0.6717016931601543,
    "ss_res_within": 64.18231898718984
  },
  "M2_saturated": {
    "r2_total": 1.0
  },
  "A3_vs_null_F_test": {
    "F": 40.38028516606801,
    "df1": 144,
    "df_res": 2842,
    "p_value": 0.0
  },
  "A3_saturation_gap": 0.13060430201300777,
  "residual_independence": {
    "n_tests": 95,
    "bonferroni_critical_z": 3.4669929012192706,
    "n_violations_at_0_05": 0,
    "max_abs_t": 0.19682150726318456,
    "mean_abs_t": 0.024934771484987017,
    "worst_10": [
      [
        "red_gt_0_7@noop",
        {
          "mean_resid": -0.0066153351101533074,
          "se": 0.03361083451773111,
          "n": 7,
          "t": -0.19682150726318456
        }
      ],
      [
        "red_gt_0_7@rerank",
        {
          "mean_resid": -0.00627958936371803,
          "se": 0.034324279456713534,
          "n": 7,
          "t": -0.1829489056467228
        }
      ],
      [
        "first_ent_pos_gt_3@rerank",
        {
          "mean_resid": 0.0021583491745313073,
          "se": 0.013778566983423854,
          "n": 55,
          "t": 0.1566454027568966
        }
      ],
      [
        "top1_len_lt_128@rerank",
        {
          "mean_resid": 0.001111952230804602,
          "se": 0.00712769871858187,
          "n": 56,
          "t": 0.15600438159735186
        }
      ],
      [
        "first_ent_pos_gt_3@noop",
        {
          "mean_resid": 0.0019181134694634145,
          "se": 0.01304266261981794,
          "n": 60,
          "t": 0.14706456230408796
        }
      ],
      [
        "ent_missing_top3@rerank",
        {
          "mean_resid": -0.0015174283013390294,
          "se": 0.011571577836441572,
          "n": 93,
          "t": -0.13113408757103953
        }
      ],
      [
        "ent_missing_top3@noop",
        {
          "mean_resid": -0.0013662717977782075,
          "se": 0.011265480765753741,
          "n": 102,
          "t": -0.1212794931869731
        }
      ],
      [
        "top1_len_lt_128@noop",
        {
          "mean_resid": 0.0010200807237251423,
          "se": 0.00921199239007172,
          "n": 55,
          "t": 0.11073399548446658
        }
      ],
      [
        "mean_score_lt_0_3@rerank",
        {
          "mean_resid": 0.0006346288965684129,
          "se": 0.0096933126148135,
          "n": 40,
          "t": 0.06547079639199516
        }
      ],
      [
        "mean_score_lt_0_3@noop",
        {
          "mean_resid": 0.0006612410266714052,
          "se": 0.010512666618751219,
          "n": 40,
          "t": 0.06289945744992652
        }
      ]
    ]
  },
  "sensitivity_to_d": [
    {
      "d": 5,
      "r2_within": 0.5900066798212054,
      "r2_total": 0.8368956211581409
    },
    {
      "d": 10,
      "r2_within": 0.595076983099377,
      "r2_total": 0.8389126995494801
    },
    {
      "d": 20,
      "r2_within": 0.6077140870123985,
      "r2_total": 0.8439400180023625
    },
    {
      "d": 40,
      "r2_within": 0.6399330849127329,
      "r2_total": 0.856757445459838
    },
    {
      "d": 144,
      "r2_within": 0.6717016931601543,
      "r2_total": 0.8693956979869923
    }
  ],
  "residual_histogram": {
    "bin_edges": [
      -1.0,
      -0.8,
      -0.6,
      -0.4,
      -0.2,
      0.0,
      0.2,
      0.4,
      0.6,
      0.8,
      1.0
    ],
    "counts": [
      0,
      0,
      1,
      199,
      1800,
      2274,
      148,
      56,
      1,
      0
    ]
  }
}