{
  "factorisation": {
    "RuleOPE": {
      "mse": 7.5654761761350024e-06,
      "bias": 0.00013222395684628463,
      "coverage_95": 0.95,
      "topk_tau": 0.6702127659574468
    },
    "DR": {
      "mse": 7.840559021824965e-06,
      "bias": 3.7900933887960677e-05,
      "coverage_95": 0.944,
      "topk_tau": 0.6489361702127661
    },
    "NonCompDR": {
      "mse": 0.00022419922425063118,
      "bias": 0.0022510522805005494,
      "coverage_95": 0.43,
      "topk_tau": 0.1702127659574468
    }
  },
  "noise": {
    "noise=0.00": {
      "RuleOPE": {
        "mse": 7.4189320345439105e-06,
        "bias": -0.000924883885588691,
        "coverage_95": 0.96,
        "topk_tau": 0.6489361702127661
      },
      "DR": {
        "mse": 7.592961040146839e-06,
        "bias": -0.0009974941240485052,
        "coverage_95": 0.956,
        "topk_tau": 0.6489361702127661
      },
      "DM": {
        "mse": 6.897015549543116e-06,
        "bias": -0.0008823001783530802,
        "coverage_95": 0.904,
        "topk_tau": 0.6595744680851063
      }
    },
    "noise=0.10": {
      "RuleOPE": {
        "mse": 7.093241185438758e-06,
        "bias": -0.0009057893338766326,
        "coverage_95": 0.962,
        "topk_tau": 0.6702127659574468
      },
      "DR": {
        "mse": 7.592961040146839e-06,
        "bias": -0.0009974941240485052,
        "coverage_95": 0.956,
        "topk_tau": 0.6489361702127661
      },
      "DM": {
        "mse": 6.897015549543116e-06,
        "bias": -0.0008823001783530802,
        "coverage_95": 0.904,
        "topk_tau": 0.6595744680851063
      }
    },
    "noise=0.20": {
      "RuleOPE": {
        "mse": 7.05162960373438e-06,
        "bias": -0.0008805421131233075,
        "coverage_95": 0.962,
        "topk_tau": 0.6595744680851063
      },
      "DR": {
        "mse": 7.592961040146839e-06,
        "bias": -0.0009974941240485052,
        "coverage_95": 0.956,
        "topk_tau": 0.6489361702127661
      },
      "DM": {
        "mse": 6.897015549543116e-06,
        "bias": -0.0008823001783530802,
        "coverage_95": 0.904,
        "topk_tau": 0.6595744680851063
      }
    },
    "noise=0.30": {
      "RuleOPE": {
        "mse": 7.316125589707664e-06,
        "bias": -0.0009077837166283092,
        "coverage_95": 0.962,
        "topk_tau": 0.6489361702127661
      },
      "DR": {
        "mse": 7.592961040146839e-06,
        "bias": -0.0009974941240485052,
        "coverage_95": 0.956,
        "topk_tau": 0.6489361702127661
      },
      "DM": {
        "mse": 6.897015549543116e-06,
        "bias": -0.0008823001783530802,
        "coverage_95": 0.904,
        "topk_tau": 0.6595744680851063
      }
    },
    "noise=0.50": {
      "RuleOPE": {
        "mse": 7.315055946573905e-06,
        "bias": -0.0009427857320179828,
        "coverage_95": 0.96,
        "topk_tau": 0.6489361702127661
      },
      "DR": {
        "mse": 7.592961040146839e-06,
        "bias": -0.0009974941240485052,
        "coverage_95": 0.956,
        "topk_tau": 0.6489361702127661
      },
      "DM": {
        "mse": 6.897015549543116e-06,
        "bias": -0.0008823001783530802,
        "coverage_95": 0.904,
        "topk_tau": 0.6595744680851063
      }
    }
  },
  "depth": {
    "RuleOPE": {
      "depth=1": {
        "mse": 1.7491158616185327e-05,
        "bias": 0.0014964744320404605,
        "coverage_95": 0.837037037037037,
        "topk_tau": 0.8666666666666666
      },
      "depth=2": {
        "mse": 6.4026704642016634e-06,
        "bias": 0.0009142172102612211,
        "coverage_95": 0.9567567567567568,
        "topk_tau": 0.7333333333333333
      },
      "depth=3": {
        "mse": 3.695863559352568e-06,
        "bias": 0.0009534585246884183,
        "coverage_95": 0.9944444444444445,
        "topk_tau": 0.4666666666666666
      }
    },
    "DR": {
      "depth=1": {
        "mse": 1.73575719231981e-05,
        "bias": 0.0015449506928235327,
        "coverage_95": 0.8444444444444444,
        "topk_tau": 0.8666666666666666
      },
      "depth=2": {
        "mse": 6.386480347400863e-06,
        "bias": 0.0009372540284459828,
        "coverage_95": 0.9675675675675676,
        "topk_tau": 0.7333333333333333
      },
      "depth=3": {
        "mse": 3.6653384378937704e-06,
        "bias": 0.0009659011859613413,
        "coverage_95": 0.9944444444444445,
        "topk_tau": 0.5111111111111111
      }
    },
    "DM": {
      "depth=1": {
        "mse": 1.6544310840550117e-05,
        "bias": 0.0015464793333856341,
        "coverage_95": 0.7185185185185186,
        "topk_tau": 0.911111111111111
      },
      "depth=2": {
        "mse": 5.981584380491548e-06,
        "bias": 0.0009675793732172394,
        "coverage_95": 0.9351351351351351,
        "topk_tau": 0.6818181818181819
      },
      "depth=3": {
        "mse": 2.6488686461067958e-06,
        "bias": 0.00091400525684472,
        "coverage_95": 0.9833333333333333,
        "topk_tau": 0.6444444444444444
      }
    }
  },
  "sample_efficiency": {
    "N=250": {
      "RuleOPE": {
        "mse": 6.549828402911895e-05,
        "bias": -0.005027582428827336,
        "coverage_95": 0.994,
        "topk_tau": 0.5661375661375662
      },
      "DR": {
        "mse": 6.674091311187641e-05,
        "bias": -0.00510088460732366,
        "coverage_95": 0.994,
        "topk_tau": 0.5661375661375662
      },
      "DM": {
        "mse": 4.872103940176927e-05,
        "bias": -0.0037948483100381054,
        "coverage_95": 0.948,
        "topk_tau": 0.7671957671957671
      }
    },
    "N=500": {
      "RuleOPE": {
        "mse": 2.2983976117164033e-05,
        "bias": -0.0024579030977899406,
        "coverage_95": 0.996,
        "topk_tau": 0.5531914893617021
      },
      "DR": {
        "mse": 2.3811574932627148e-05,
        "bias": -0.002564049613226697,
        "coverage_95": 0.996,
        "topk_tau": 0.574468085106383
      },
      "DM": {
        "mse": 1.8089230205709203e-05,
        "bias": -0.0017229245076316871,
        "coverage_95": 0.97,
        "topk_tau": 0.5343915343915343
      }
    },
    "N=1000": {
      "RuleOPE": {
        "mse": 1.3134163657134936e-05,
        "bias": 0.0016555161948545716,
        "coverage_95": 0.994,
        "topk_tau": 0.5425531914893618
      },
      "DR": {
        "mse": 1.3546867784927764e-05,
        "bias": 0.0014827929560702327,
        "coverage_95": 0.994,
        "topk_tau": 0.5425531914893618
      },
      "DM": {
        "mse": 1.4221940220100901e-05,
        "bias": 0.0021135190296717923,
        "coverage_95": 0.96,
        "topk_tau": 0.5531914893617021
      }
    },
    "N=2000": {
      "RuleOPE": {
        "mse": 7.685391731015888e-06,
        "bias": 0.0010315030728294343,
        "coverage_95": 0.974,
        "topk_tau": 0.6702127659574468
      },
      "DR": {
        "mse": 7.573903436342663e-06,
        "bias": 0.0010513494797736195,
        "coverage_95": 0.976,
        "topk_tau": 0.6808510638297872
      },
      "DM": {
        "mse": 7.564665239642444e-06,
        "bias": 0.0012688032067849201,
        "coverage_95": 0.938,
        "topk_tau": 0.7127659574468086
      }
    },
    "N=4000": {
      "RuleOPE": {
        "mse": 6.9295709353030165e-06,
        "bias": 0.0011909427007070494,
        "coverage_95": 0.936,
        "topk_tau": 0.7659574468085107
      },
      "DR": {
        "mse": 6.781757777944831e-06,
        "bias": 0.0011520894224579105,
        "coverage_95": 0.936,
        "topk_tau": 0.7127659574468086
      },
      "DM": {
        "mse": 7.800863426476277e-06,
        "bias": 0.0014617698892504785,
        "coverage_95": 0.896,
        "topk_tau": 0.7021276595744682
      }
    }
  }
}