{
  "benchmarks": [
    "hotpot",
    "trivia",
    "musique"
  ],
  "ablations": {
    "C_alpha": {
      "hotpot": {
        "150": {
          "RuleOPE_a0.1": {
            "MSE_mean": 0.012053235679572633,
            "MSE_std": 0.005158170923645994,
            "MSE_CI90": [
              0.006270469387990555,
              0.02072479505929446
            ],
            "n_trials": 15
          },
          "RuleOPE_a0.5": {
            "MSE_mean": 0.011846470398066212,
            "MSE_std": 0.004597748205416347,
            "MSE_CI90": [
              0.006066342581098513,
              0.01924047050865904
            ],
            "n_trials": 15
          },
          "RuleOPE_a1.0": {
            "MSE_mean": 0.011651519656777853,
            "MSE_std": 0.004164177514992908,
            "MSE_CI90": [
              0.006427179363648195,
              0.01821545579630322
            ],
            "n_trials": 15
          },
          "RuleOPE_a2.0": {
            "MSE_mean": 0.011384553866570236,
            "MSE_std": 0.0036374416306830786,
            "MSE_CI90": [
              0.006860282457141761,
              0.017194120436478406
            ],
            "n_trials": 15
          },
          "RuleOPE_a5.0": {
            "MSE_mean": 0.010971520857537657,
            "MSE_std": 0.002919164585412961,
            "MSE_CI90": [
              0.0074882887397822746,
              0.015769918228588357
            ],
            "n_trials": 15
          },
          "RuleOPE_a10.0": {
            "MSE_mean": 0.010672584967307356,
            "MSE_std": 0.0024423567680908476,
            "MSE_CI90": [
              0.0074900598012806255,
              0.014475941281300147
            ],
            "n_trials": 15
          }
        },
        "300": {
          "RuleOPE_a0.1": {
            "MSE_mean": 0.010447562556556187,
            "MSE_std": 0.0025111108612565526,
            "MSE_CI90": [
              0.007286189195535249,
              0.01374011339633093
            ],
            "n_trials": 15
          },
          "RuleOPE_a0.5": {
            "MSE_mean": 0.010392891023668941,
            "MSE_std": 0.00226928989513303,
            "MSE_CI90": [
              0.007059998444429266,
              0.013369831126981415
            ],
            "n_trials": 15
          },
          "RuleOPE_a1.0": {
            "MSE_mean": 0.010350374806822741,
            "MSE_std": 0.002097814410249922,
            "MSE_CI90": [
              0.007041122963297565,
              0.013235209485444422
            ],
            "n_trials": 15
          },
          "RuleOPE_a2.0": {
            "MSE_mean": 0.010289716961885706,
            "MSE_std": 0.0018930455229974074,
            "MSE_CI90": [
              0.007151188619139451,
              0.013002030360371428
            ],
            "n_trials": 15
          },
          "RuleOPE_a5.0": {
            "MSE_mean": 0.010158737149328863,
            "MSE_std": 0.001597020029549228,
            "MSE_CI90": [
              0.007429967636450152,
              0.012422603846297852
            ],
            "n_trials": 15
          },
          "RuleOPE_a10.0": {
            "MSE_mean": 0.010009775004530356,
            "MSE_std": 0.0014010295570643224,
            "MSE_CI90": [
              0.007640920053952397,
              0.01200352943795289
            ],
            "n_trials": 15
          }
        }
      },
      "trivia": {
        "150": {
          "RuleOPE_a0.1": {
            "MSE_mean": 0.04211116934916813,
            "MSE_std": 0.020667587851046908,
            "MSE_CI90": [
              0.014342252401701405,
              0.07380582915030608
            ],
            "n_trials": 15
          },
          "RuleOPE_a0.5": {
            "MSE_mean": 0.037245166909031256,
            "MSE_std": 0.0159407975062844,
            "MSE_CI90": [
              0.012737207833345837,
              0.05905615258629555
            ],
            "n_trials": 15
          },
          "RuleOPE_a1.0": {
            "MSE_mean": 0.03340581802554724,
            "MSE_std": 0.013238211617175182,
            "MSE_CI90": [
              0.01163343085035624,
              0.05189337984887872
            ],
            "n_trials": 15
          },
          "RuleOPE_a2.0": {
            "MSE_mean": 0.02876848402859072,
            "MSE_std": 0.010521169929227876,
            "MSE_CI90": [
              0.010392839681609686,
              0.04355617416948511
            ],
            "n_trials": 15
          },
          "RuleOPE_a5.0": {
            "MSE_mean": 0.022221342824843397,
            "MSE_std": 0.007298002681050028,
            "MSE_CI90": [
              0.008766324058555923,
              0.03186489786172523
            ],
            "n_trials": 15
          },
          "RuleOPE_a10.0": {
            "MSE_mean": 0.01763542487610721,
            "MSE_std": 0.00530036724005576,
            "MSE_CI90": [
              0.007784658440117937,
              0.024244083710037483
            ],
            "n_trials": 15
          }
        },
        "300": {
          "RuleOPE_a0.1": {
            "MSE_mean": 0.03402098232669595,
            "MSE_std": 0.021783386947418035,
            "MSE_CI90": [
              0.010592921211743316,
              0.06787843202226161
            ],
            "n_trials": 15
          },
          "RuleOPE_a0.5": {
            "MSE_mean": 0.03227572443780662,
            "MSE_std": 0.018121317201081216,
            "MSE_CI90": [
              0.011842536744554454,
              0.06068071907230849
            ],
            "n_trials": 15
          },
          "RuleOPE_a1.0": {
            "MSE_mean": 0.030741208092702362,
            "MSE_std": 0.015837335196490308,
            "MSE_CI90": [
              0.012382376312253484,
              0.05508897445083641
            ],
            "n_trials": 15
          },
          "RuleOPE_a2.0": {
            "MSE_mean": 0.028473955896542325,
            "MSE_std": 0.013416706769552287,
            "MSE_CI90": [
              0.01245499746341411,
              0.04825924417838855
            ],
            "n_trials": 15
          },
          "RuleOPE_a5.0": {
            "MSE_mean": 0.024049511616750084,
            "MSE_std": 0.010078810530787833,
            "MSE_CI90": [
              0.011567182007465026,
              0.03879118197904694
            ],
            "n_trials": 15
          },
          "RuleOPE_a10.0": {
            "MSE_mean": 0.01977556560262877,
            "MSE_std": 0.007500847375636565,
            "MSE_CI90": [
              0.010368639103141177,
              0.030879924028910308
            ],
            "n_trials": 15
          }
        }
      },
      "musique": {
        "150": {
          "RuleOPE_a0.1": {
            "MSE_mean": 0.004855026642401393,
            "MSE_std": 0.00390118493373228,
            "MSE_CI90": [
              0.001297899088651162,
              0.011642317892043041
            ],
            "n_trials": 15
          },
          "RuleOPE_a0.5": {
            "MSE_mean": 0.003897688526690903,
            "MSE_std": 0.0029922957559887346,
            "MSE_CI90": [
              0.0009810678251667682,
              0.00952516407839504
            ],
            "n_trials": 15
          },
          "RuleOPE_a1.0": {
            "MSE_mean": 0.0034860193968481398,
            "MSE_std": 0.0025609692120946537,
            "MSE_CI90": [
              0.0008418512881426793,
              0.008312274720166001
            ],
            "n_trials": 15
          },
          "RuleOPE_a2.0": {
            "MSE_mean": 0.0031526211898921124,
            "MSE_std": 0.002171014489319319,
            "MSE_CI90": [
              0.0006693374386175037,
              0.006899549996636591
            ],
            "n_trials": 15
          },
          "RuleOPE_a5.0": {
            "MSE_mean": 0.002828455966824704,
            "MSE_std": 0.0017641481544023797,