{
  "factorisation": {
    "RuleOPE": {
      "mse": 7.56558946556643e-06,
      "bias": 0.0001322022834540133,
      "coverage_95": 0.95,
      "topk_tau": 0.6702127659574468
    },
    "DR": {
      "mse": 7.840715321000593e-06,
      "bias": 3.787089576865732e-05,
      "coverage_95": 0.944,
      "topk_tau": 0.6489361702127661
    },
    "NonCompDR": {
      "mse": 0.00022419442863268025,
      "bias": 0.002251123908329838,
      "coverage_95": 0.43,
      "topk_tau": 0.1702127659574468
    }
  },
  "noise": {
    "noise=0.00": {
      "RuleOPE": {
        "mse": 7.418003965784053e-06,
        "bias": -0.0009246790584420811,
        "coverage_95": 0.96,
        "topk_tau": 0.6489361702127661
      },
      "DR": {
        "mse": 7.5921726661494425e-06,
        "bias": -0.000997321946418673,
        "coverage_95": 0.956,
        "topk_tau": 0.6489361702127661
      },
      "DM": {
        "mse": 6.8967427707270815e-06,
        "bias": -0.0008821366232078128,
        "coverage_95": 0.904,
        "topk_tau": 0.6595744680851063
      }
    },
    "noise=0.10": {
      "RuleOPE": {
        "mse": 7.092446351589645e-06,
        "bias": -0.0009056164396916961,
        "coverage_95": 0.962,
        "topk_tau": 0.6702127659574468
      },
      "DR": {
        "mse": 7.5921726661494425e-06,
        "bias": -0.000997321946418673,
        "coverage_95": 0.956,
        "topk_tau": 0.6489361702127661
      },
      "DM": {
        "mse": 6.8967427707270815e-06,
        "bias": -0.0008821366232078128,
        "coverage_95": 0.904,
        "topk_tau": 0.6595744680851063
      }
    },
    "noise=0.20": {
      "RuleOPE": {
        "mse": 7.050730706296471e-06,
        "bias": -0.0008803570386294514,
        "coverage_95": 0.962,
        "topk_tau": 0.6595744680851063
      },
      "DR": {
        "mse": 7.5921726661494425e-06,
        "bias": -0.000997321946418673,
        "coverage_95": 0.956,
        "topk_tau": 0.6489361702127661
      },
      "DM": {
        "mse": 6.8967427707270815e-06,
        "bias": -0.0008821366232078128,
        "coverage_95": 0.904,
        "topk_tau": 0.6595744680851063
      }
    },
    "noise=0.30": {
      "RuleOPE": {
        "mse": 7.31519429360407e-06,
        "bias": -0.0009076057593662412,
        "coverage_95": 0.962,
        "topk_tau": 0.6489361702127661
      },
      "DR": {
        "mse": 7.5921726661494425e-06,
        "bias": -0.000997321946418673,
        "coverage_95": 0.956,
        "topk_tau": 0.6489361702127661
      },
      "DM": {
        "mse": 6.8967427707270815e-06,
        "bias": -0.0008821366232078128,
        "coverage_95": 0.904,
        "topk_tau": 0.6595744680851063
      }
    },
    "noise=0.50": {
      "RuleOPE": {
        "mse": 7.314418009564238e-06,
        "bias": -0.0009426287289360278,
        "coverage_95": 0.96,
        "topk_tau": 0.6489361702127661
      },
      "DR": {
        "mse": 7.5921726661494425e-06,
        "bias": -0.000997321946418673,
        "coverage_95": 0.956,
        "topk_tau": 0.6489361702127661
      },
      "DM": {
        "mse": 6.8967427707270815e-06,
        "bias": -0.0008821366232078128,
        "coverage_95": 0.904,
        "topk_tau": 0.6595744680851063
      }
    }
  },
  "depth": {
    "RuleOPE": {
      "depth=1": {
        "mse": 1.7492147036242914e-05,
        "bias": 0.0014967740432959055,
        "coverage_95": 0.837037037037037,
        "topk_tau": 0.8666666666666666
      },
      "depth=2": {
        "mse": 6.402903232667444e-06,
        "bias": 0.0009144477212143362,
        "coverage_95": 0.9567567567567568,
        "topk_tau": 0.7333333333333333
      },
      "depth=3": {
        "mse": 3.6961966507300062e-06,
        "bias": 0.0009536770915452309,
        "coverage_95": 0.9944444444444445,
        "topk_tau": 0.4666666666666666
      }
    },
    "DR": {
      "depth=1": {
        "mse": 1.7358761400489904e-05,
        "bias": 0.0015452452988055547,
        "coverage_95": 0.8444444444444444,
        "topk_tau": 0.8666666666666666
      },
      "depth=2": {
        "mse": 6.386733262687655e-06,
        "bias": 0.0009374812533852957,
        "coverage_95": 0.9675675675675676,
        "topk_tau": 0.7333333333333333
      },
      "depth=3": {
        "mse": 3.665662200202799e-06,
        "bias": 0.0009661092919570932,
        "coverage_95": 0.9944444444444445,
        "topk_tau": 0.5111111111111111
      }
    },
    "DM": {
      "depth=1": {
        "mse": 1.6545465884629372e-05,
        "bias": 0.0015469133435027764,
        "coverage_95": 0.7185185185185186,
        "topk_tau": 0.911111111111111
      },
      "depth=2": {
        "mse": 5.9817114730259915e-06,
        "bias": 0.0009677604424624472,
        "coverage_95": 0.9351351351351351,
        "topk_tau": 0.6818181818181819
      },
      "depth=3": {
        "mse": 2.6490981683878415e-06,
        "bias": 0.0009141403607062072,
        "coverage_95": 0.9833333333333333,
        "topk_tau": 0.6444444444444444
      }
    }
  },
  "sample_efficiency": {
    "N=250": {
      "RuleOPE": {
        "mse": 6.549825885904908e-05,
        "bias": -0.005027573691341729,
        "coverage_95": 0.994,
        "topk_tau": 0.5661375661375662
      },
      "DR": {
        "mse": 6.674084544709322e-05,
        "bias": -0.0051008738817232705,
        "coverage_95": 0.994,
        "topk_tau": 0.5661375661375662
      },
      "DM": {
        "mse": 4.872116033531285e-05,
        "bias": -0.0037948617210831798,
        "coverage_95": 0.948,
        "topk_tau": 0.7671957671957671
      }
    },
    "N=500": {
      "RuleOPE": {
        "mse": 2.2984000092719166e-05,
        "bias": -0.0024579041124260185,
        "coverage_95": 0.996,
        "topk_tau": 0.5531914893617021
      },
      "DR": {
        "mse": 2.3811618478011436e-05,
        "bias": -0.002564052287085376,
        "coverage_95": 0.996,
        "topk_tau": 0.574468085106383
      },
      "DM": {
        "mse": 1.808927120410658e-05,
        "bias": -0.0017229141960281376,
        "coverage_95": 0.97,
        "topk_tau": 0.5343915343915343
      }
    },
    "N=1000": {
      "RuleOPE": {
        "mse": 1.3134028246273582e-05,
        "bias": 0.0016555491631146367,
        "coverage_95": 0.994,
        "topk_tau": 0.5425531914893618
      },
      "DR": {
        "mse": 1.3546558804849878e-05,
        "bias": 0.0014828443742866792,
        "coverage_95": 0.994,
        "topk_tau": 0.5425531914893618
      },
      "DM": {
        "mse": 1.4221765999558225e-05,
        "bias": 0.0021135096717425656,
        "coverage_95": 0.96,
        "topk_tau": 0.5531914893617021
      }
    },
    "N=2000": {
      "RuleOPE": {
        "mse": 7.685364553666922e-06,
        "bias": 0.001031527019313103,
        "coverage_95": 0.974,
        "topk_tau": 0.6702127659574468
      },
      "DR": {
        "mse": 7.573850934647808e-06,
        "bias": 0.0010513650551910766,
        "coverage_95": 0.976,
        "topk_tau": 0.6808510638297872
      },
      "DM": {
        "mse": 7.5667733881754795e-06,
        "bias": 0.0012695722259118128,
        "coverage_95": 0.938,
        "topk_tau": 0.7127659574468086
      }
    },
    "N=4000": {
      "RuleOPE": {
        "mse": 6.929804220020732e-06,
        "bias": 0.001190953614621497,
        "coverage_95": 0.936,
        "topk_tau": 0.7659574468085107
      },
      "DR": {
        "mse": 6.781899088174701e-06,
        "bias": 0.0011520781043178325,
        "coverage_95": 0.936,
        "topk_tau": 0.7127659574468086
      },
      "DM": {
        "mse": 7.800604120679144e-06,
        "bias": 0.0014617617830187902,
        "coverage_95": 0.896,
        "topk_tau": 0.7021276595744682
      }
    }
  }
}