{
  "N=300": {
    "ERM": {
      "mean": 0.030669076184813914,
      "std": 0.01808897823788448
    },
    "LCB": {
      "mean": 0.030669076184813914,
      "std": 0.01808897823788448
    },
    "CRRM": {
      "mean": 0.030669076184813914,
      "std": 0.01808897823788448
    }
  },
  "N=600": {
    "ERM": {
      "mean": 0.049936702749134,
      "std": 0.005479955999824371
    },
    "LCB": {
      "mean": 0.049936702749134,
      "std": 0.005479955999824371
    },
    "CRRM": {
      "mean": 0.049936702749134,
      "std": 0.005479955999824371
    }
  },
  "N=1200": {
    "ERM": {
      "mean": 0.046159988029382905,
      "std": 0.005755841410699436
    },
    "LCB": {
      "mean": 0.046159988029382905,
      "std": 0.005755841410699436
    },
    "CRRM": {
      "mean": 0.046159988029382905,
      "std": 0.005755841410699436
    }
  },
  "N=2400": {
    "ERM": {
      "mean": 0.06345552440220789,
      "std": 0.038365088724336034
    },
    "LCB": {
      "mean": 0.08103017876106618,
      "std": 0.04619639184931268
    },
    "CRRM": {
      "mean": 0.08103017876106618,
      "std": 0.04619639184931268
    }
  }
}