{
  "compositional": {
    "tag": "compositional",
    "N": 1500,
    "n_bootstrap": 60,
    "n_rules_all": 500,
    "n_rules_variance_subset": 25,
    "Thm_B_avg_abs_bias_DR": 0.01865411731264161,
    "Thm_B_avg_abs_bias_RuleOPE": 0.018653905269159794,
    "Thm_B_DR_bias_sign_consistency": 0.5,
    "avg_id_width": 0.1592866666666667,
    "DR_position_mean": 0.6507746236016141,
    "RuleOPE_position_mean": 0.6507737890171617,
    "gt_position_mean": 0.6133618361299157,
    "Thm_F_empirical_gap_mean": -7.680772694510428e-06,
    "Thm_F_formula_gap_mean": 5.3757472904840446e-08,
    "Thm_F_gap_correlation": -0.3312856615244166,
    "Thm_E_variance_reduction_mean_pct": -5.002644388562083
  },
  "misspecified": {
    "tag": "misspecified",
    "N": 1500,
    "n_bootstrap": 60,
    "n_rules_all": 500,
    "n_rules_variance_subset": 25,
    "Thm_B_avg_abs_bias_DR": 0.02395192413853083,
    "Thm_B_avg_abs_bias_RuleOPE": 0.02395192413853083,
    "Thm_B_DR_bias_sign_consistency": 0.568,
    "avg_id_width": 0.15928666666666666,
    "DR_position_mean": 0.5851781917839206,
    "RuleOPE_position_mean": 0.5851781917839206,
    "gt_position_mean": 0.6289736819640818,
    "Thm_F_empirical_gap_mean": 0.00011225664460028887,
    "Thm_F_formula_gap_mean": 5.5793331861929793e-08,
    "Thm_F_gap_correlation": 0.32795923884404704,
    "Thm_E_variance_reduction_mean_pct": 14.209293462317774
  }
}