{
  "benign": {
    "RuleOPE": {
      "mse": 9.467118032592126e-06,
      "bias": -0.0010598868630575593,
      "coverage_95": 0.938,
      "topk_tau": 0.5531914893617021
    },
    "DR": {
      "mse": 9.635936025965797e-06,
      "bias": -0.0010855627965624059,
      "coverage_95": 0.938,
      "topk_tau": 0.5531914893617021
    },
    "DM": {
      "mse": 8.908565326414642e-06,
      "bias": -0.001138564728914383,
      "coverage_95": 0.906,
      "topk_tau": 0.6063829787234043
    }
  },
  "F1_effort_bias": {
    "RuleOPE": {
      "mse": 8.314625793837422e-06,
      "bias": 0.0008291761040626569,
      "coverage_95": 0.944,
      "topk_tau": 0.6702127659574468
    },
    "DR": {
      "mse": 8.486020944238399e-06,
      "bias": 0.0008122433776411319,
      "coverage_95": 0.946,
      "topk_tau": 0.6276595744680852
    },
    "DM": {
      "mse": 8.617284454048309e-06,
      "bias": 0.000897975103793089,
      "coverage_95": 0.894,
      "topk_tau": 0.6063829787234043
    }
  },
  "F2_gen_conf_bias": {
    "RuleOPE": {
      "mse": 6.059305216718222e-06,
      "bias": -0.000671027745269223,
      "coverage_95": 0.964,
      "topk_tau": 0.7021276595744682
    },
    "DR": {
      "mse": 5.827039213663282e-06,
      "bias": -0.0006435212740146398,
      "coverage_95": 0.966,
      "topk_tau": 0.7021276595744682
    },
    "DM": {
      "mse": 5.497609277592051e-06,
      "bias": -0.0007122354989439818,
      "coverage_95": 0.932,
      "topk_tau": 0.7446808510638299
    }
  },
  "F3_drift": {
    "RuleOPE": {
      "mse": 1.9952156356249354e-05,
      "bias": 0.0037348200466603442,
      "coverage_95": 0.876,
      "topk_tau": 0.776595744680851
    },
    "DR": {
      "mse": 2.0165247142614954e-05,
      "bias": 0.003733082540880492,
      "coverage_95": 0.87,
      "topk_tau": 0.7340425531914894
    },
    "DM": {
      "mse": 1.0575302367828586e-05,
      "bias": 0.0019481192765159747,
      "coverage_95": 0.884,
      "topk_tau": 0.6808510638297872
    }
  }
}