{
  "benign": {
    "RuleOPE": {
      "mse": 9.467046885400506e-06,
      "bias": -0.0010597723753068796,
      "coverage_95": 0.938,
      "topk_tau": 0.5531914893617021
    },
    "DR": {
      "mse": 9.635821193099637e-06,
      "bias": -0.0010854696558287864,
      "coverage_95": 0.938,
      "topk_tau": 0.5531914893617021
    },
    "DM": {
      "mse": 8.908103388267376e-06,
      "bias": -0.001138373040376782,
      "coverage_95": 0.906,
      "topk_tau": 0.6063829787234043
    }
  },
  "F1_effort_bias": {
    "RuleOPE": {
      "mse": 8.31423831181411e-06,
      "bias": 0.0008288424604729305,
      "coverage_95": 0.944,
      "topk_tau": 0.6702127659574468
    },
    "DR": {
      "mse": 8.485675851481645e-06,
      "bias": 0.0008119126214186836,
      "coverage_95": 0.946,
      "topk_tau": 0.6276595744680852
    },
    "DM": {
      "mse": 8.616986137756538e-06,
      "bias": 0.0008977141546582634,
      "coverage_95": 0.894,
      "topk_tau": 0.6063829787234043
    }
  },
  "F2_gen_conf_bias": {
    "RuleOPE": {
      "mse": 6.060242832510995e-06,
      "bias": -0.0006710738002934709,
      "coverage_95": 0.964,
      "topk_tau": 0.7021276595744682
    },
    "DR": {
      "mse": 5.827936063293699e-06,
      "bias": -0.0006435790558500518,
      "coverage_95": 0.966,
      "topk_tau": 0.7021276595744682
    },
    "DM": {
      "mse": 5.49780878986143e-06,
      "bias": -0.0007123797421843435,
      "coverage_95": 0.932,
      "topk_tau": 0.7446808510638299
    }
  },
  "F3_drift": {
    "RuleOPE": {
      "mse": 1.9951031063302466e-05,
      "bias": 0.0037347078917035316,
      "coverage_95": 0.876,
      "topk_tau": 0.776595744680851
    },
    "DR": {
      "mse": 2.016420318975868e-05,
      "bias": 0.003732977009691309,
      "coverage_95": 0.87,
      "topk_tau": 0.7340425531914894
    },
    "DM": {
      "mse": 1.0576028039183299e-05,
      "bias": 0.0019483721194191123,
      "coverage_95": 0.884,
      "topk_tau": 0.6808510638297872
    }
  }
}