{
  "n_logs": 1200,
  "n_rules": 81,
  "judge_source": "gold_answer_match_proxy",
  "correction_rate": 0.060833333333333336,
  "estimators": {
    "DM": {
      "MSE": 0.010626468414693252,
      "bias": 0.04105442921320598,
      "tau_top20": -0.0736842105263158,
      "coverage_95": 0.06172839506172839,
      "runtime_s": 0.05020475387573242,
      "avg_GT_value_top10": 0.6755833333333334,
      "tau_20_CI": [
        -0.24263157894736842,
        0.24210526315789474
      ],
      "MSE_CI": [
        0.008259614462517927,
        0.030629793184233988
      ]
    },
    "IPS": {
      "MSE": 0.12277047091776311,
      "bias": -0.2954766320722186,
      "tau_top20": 0.1368421052631579,
      "coverage_95": 0.0,
      "runtime_s": 0.04505610466003418,
      "avg_GT_value_top10": 0.6758333333333334,
      "tau_20_CI": [
        -0.06526315789473684,
        0.1368421052631579
      ],
      "MSE_CI": [
        0.12014991737302361,
        0.12496049076434729
      ]
    },
    "DR": {
      "MSE": 0.010609384581540851,
      "bias": 0.04069787832752725,
      "tau_top20": -0.18947368421052632,
      "coverage_95": 0.1111111111111111,
      "runtime_s": 0.1329958438873291,
      "avg_GT_value_top10": 0.6755833333333334,
      "tau_20_CI": [
        -0.2431578947368421,
        0.2531578947368421
      ],
      "MSE_CI": [
        0.008259408658201225,
        0.030539711128449915
      ]
    },
    "RuleOPE": {
      "MSE": 0.010237526705301559,
      "bias": 0.03742602682029158,
      "tau_top20": -0.052631578947368425,
      "coverage_95": 0.14814814814814814,
      "runtime_s": 0.2558920383453369,
      "avg_GT_value_top10": 0.6757500000000001,
      "tau_20_CI": [
        -0.23421052631578945,
        0.19999999999999998
      ],
      "MSE_CI": [
        0.008240881396640825,
        0.027376497812297857
      ]
    },
    "JointRuleOPE": {
      "MSE": 0.010241196452971784,
      "bias": 0.03736847107259035,
      "tau_top20": -0.16842105263157894,
      "coverage_95": 0.0,
      "runtime_s": 0.21720314025878906,
      "avg_GT_value_top10": 0.6715000000000001,
      "tau_20_CI": [
        -0.22315789473684208,
        0.12736842105263152
      ],
      "MSE_CI": [
        0.008234734702511008,
        0.02772391355113212
      ]
    }
  },
  "oracle_top10_value": 0.6911666666666665
}