{
  "n_logs": 1200,
  "n_rules": 81,
  "estimators": {
    "DM": {
      "MSE": 0.0011162057735588544,
      "bias": -0.02515212425479182,
      "tau_top20": 0.11578947368421053,
      "coverage_95": 0.06172839506172839,
      "runtime_s": 0.04441380500793457,
      "avg_GT_value_top10": 0.69075,
      "tau_20_CI": [
        -0.19999999999999998,
        0.2947368421052632
      ],
      "MSE_CI": [
        0.0008341899054119976,
        0.0022988498064828904
      ]
    },
    "IPS": {
      "MSE": 0.0010395724133580174,
      "bias": -0.004916083385800396,
      "tau_top20": 0.22105263157894736,
      "coverage_95": 0.9876543209876543,
      "runtime_s": 0.08932209014892578,
      "avg_GT_value_top10": 0.6909583333333333,
      "tau_20_CI": [
        -0.2742105263157895,
        0.24421052631578935
      ],
      "MSE_CI": [
        0.0011717730772837233,
        0.004791654134154071
      ]
    },
    "DR": {
      "MSE": 0.001043334495914018,
      "bias": -0.02440240457362219,
      "tau_top20": 0.10526315789473685,
      "coverage_95": 0.5555555555555556,
      "runtime_s": 0.1294398307800293,
      "avg_GT_value_top10": 0.69075,
      "tau_20_CI": [
        -0.17105263157894735,
        0.34789473684210526
      ],
      "MSE_CI": [
        0.000859376728405355,
        0.002293408801299516
      ]
    },
    "RuleOPE": {
      "MSE": 0.001043334495914018,
      "bias": -0.02440240457362219,
      "tau_top20": 0.10526315789473685,
      "coverage_95": 0.5555555555555556,
      "runtime_s": 0.18411707878112793,
      "avg_GT_value_top10": 0.69075,
      "tau_20_CI": [
        -0.17105263157894735,
        0.34789473684210526
      ],
      "MSE_CI": [
        0.000859376728405355,
        0.002293408801299516
      ]
    },
    "JointRuleOPE": {
      "MSE": 0.001225160637206108,
      "bias": -0.026329851677651787,
      "tau_top20": 0.35789473684210527,
      "coverage_95": 0.5061728395061729,
      "runtime_s": 0.17945003509521484,
      "avg_GT_value_top10": 0.6907500000000001,
      "tau_20_CI": [
        -0.2326315789473684,
        0.28421052631578947
      ],
      "MSE_CI": [
        0.0009283797212746081,
        0.0026942411038843894
      ]
    }
  },
  "oracle_top10_value": 0.6911666666666665
}