{
  "dataset": "MuSiQue",
  "n_samples_pool": 2000,
  "scaling": {
    "150": {
      "NonCompDR": {
        "MSE_mean": 0.008554262508854838,
        "MSE_std": 0.003938325837684835,
        "MSE_CI90": [
          0.004198438340388655,
          0.014509609475444319
        ],
        "top10_mean": 0.4954296296296297
      },
      "CompDR": {
        "MSE_mean": 0.003506118599780144,
        "MSE_std": 0.0018128032192786295,
        "MSE_CI90": [
          0.0008842808468777382,
          0.006324626220866327
        ],
        "top10_mean": 0.49803333333333344
      },
      "RuleOPE": {
        "MSE_mean": 0.003506118599780144,
        "MSE_std": 0.0018128032192786295,
        "MSE_CI90": [
          0.0008842808468777382,
          0.006324626220866327
        ],
        "top10_mean": 0.49803333333333344
      },
      "JointRuleOPE": {
        "MSE_mean": 0.003750692912018585,
        "MSE_std": 0.0017599574907125612,
        "MSE_CI90": [
          0.0012553902142736092,
          0.006684542248483959
        ],
        "top10_mean": 0.49955925925925926
      },
      "CompDR_vs_NonCompDR_pct": {
        "median": 66.59530203425106,
        "mean": 56.99381289865366,
        "CI90": [
          22.740604537868062,
          80.92748113602752
        ]
      },
      "RuleOPE_vs_NonCompDR_pct": {
        "median": 66.59530203425106,
        "mean": 56.99381289865366,
        "CI90": [
          22.740604537868062,
          80.92748113602752
        ]
      },
      "JointRuleOPE_vs_NonCompDR_pct": {
        "median": 53.88531707029005,
        "mean": 52.84138674149069,
        "CI90": [
          21.835069523270775,
          78.28043022355466
        ]
      }
    },
    "300": {
      "NonCompDR": {
        "MSE_mean": 0.006148988183473413,
        "MSE_std": 0.002395436769879175,
        "MSE_CI90": [
          0.0032059879194260596,
          0.010727281183324276
        ],
        "top10_mean": 0.4916870370370369
      },
      "CompDR": {
        "MSE_mean": 0.003771276989197841,
        "MSE_std": 0.002625430465801223,
        "MSE_CI90": [
          0.0009386694850058562,
          0.008936580732752079
        ],
        "top10_mean": 0.49389074074074063
      },
      "RuleOPE": {
        "MSE_mean": 0.003771276989197841,
        "MSE_std": 0.002625430465801223,
        "MSE_CI90": [
          0.0009386694850058562,
          0.008936580732752079
        ],
        "top10_mean": 0.49389074074074063
      },
      "JointRuleOPE": {
        "MSE_mean": 0.0041449795349456815,
        "MSE_std": 0.0027811732712674777,
        "MSE_CI90": [
          0.0011537355813868314,
          0.009829319213273482
        ],
        "top10_mean": 0.49455925925925925
      },
      "CompDR_vs_NonCompDR_pct": {
        "median": 57.1758033885147,
        "mean": 37.0620839012023,
        "CI90": [
          -32.62842978696014,
          79.84506989754377
        ]
      },
      "RuleOPE_vs_NonCompDR_pct": {
        "median": 57.1758033885147,
        "mean": 37.0620839012023,
        "CI90": [
          -32.62842978696014,
          79.84506989754377
        ]
      },
      "JointRuleOPE_vs_NonCompDR_pct": {
        "median": 53.8416392376611,
        "mean": 30.47792082653332,
        "CI90": [
          -45.1071728477693,
          75.11722496069308
        ]
      }
    },
    "600": {
      "NonCompDR": {
        "MSE_mean": 0.004921281252930531,
        "MSE_std": 0.0022744645254932673,
        "MSE_CI90": [
          0.0014507399085706173,
          0.008953059143094426
        ],
        "top10_mean": 0.4873527777777777
      },
      "CompDR": {
        "MSE_mean": 0.0031208597462151475,
        "MSE_std": 0.0013241484736541834,
        "MSE_CI90": [
          0.0011944105195697667,
          0.005440778100811419
        ],
        "top10_mean": 0.48985833333333334
      },
      "RuleOPE": {
        "MSE_mean": 0.0031208597462151475,
        "MSE_std": 0.0013241484736541834,
        "MSE_CI90": [
          0.0011944105195697667,
          0.005440778100811419
        ],
        "top10_mean": 0.48985833333333334
      },
      "JointRuleOPE": {
        "MSE_mean": 0.0033560815175987355,
        "MSE_std": 0.0013518737898450756,
        "MSE_CI90": [
          0.0014817513197886184,
          0.005775090241991494
        ],
        "top10_mean": 0.49132777777777786
      },
      "CompDR_vs_NonCompDR_pct": {
        "median": 34.15131302598107,
        "mean": 23.794811050400714,
        "CI90": [
          -47.30930361452294,
          71.69573352783398
        ]
      },
      "RuleOPE_vs_NonCompDR_pct": {
        "median": 34.15131302598107,
        "mean": 23.794811050400714,
        "CI90": [
          -47.30930361452294,
          71.69573352783398
        ]
      },
      "JointRuleOPE_vs_NonCompDR_pct": {
        "median": 30.04826072044914,
        "mean": 17.864931173259052,
        "CI90": [
          -58.94048433991278,
          67.48914842089955
        ]
      }
    }
  }
}