{
  "n_logs": 1493,
  "p_noise": 0.3,
  "n_rules": 141,
  "correction_rate": 0.1319490957803081,
  "noop_mean_reward": 0.5971198928332218,
  "estimators": {
    "DM": {
      "MSE": 0.006178718417846999,
      "bias": 0.012645738757767179,
      "tau_top20": -0.17894736842105263,
      "avg_GT_value_top10": 0.5960817146684529,
      "runtime_s": 0.09825801849365234,
      "MSE_CI": [
        0.005892220648564253,
        0.009009947603119541
      ],
      "tau_20_CI": [
        -0.2736842105263158,
        0.2531578947368421
      ],
      "top10_CI": [
        0.5740639651707972,
        0.5964685197588748
      ]
    },
    "DR": {
      "MSE": 0.0061784079306118,
      "bias": 0.012126474218469156,
      "tau_top20": -0.18947368421052632,
      "avg_GT_value_top10": 0.5964166108506362,
      "runtime_s": 0.20295405387878418,
      "MSE_CI": [
        0.005894084935231995,
        0.008964061637288013
      ],
      "tau_20_CI": [
        -0.2742105263157895,
        0.2847368421052631
      ],
      "top10_CI": [
        0.5740639651707972,
        0.5964166108506365
      ]
    },
    "RuleOPE": {
      "MSE": 0.006178403438893041,
      "bias": 0.012126319618252586,
      "tau_top20": -0.28421052631578947,
      "avg_GT_value_top10": 0.5964166108506362,
      "runtime_s": 0.4850640296936035,
      "MSE_CI": [
        0.005894084935231995,
        0.008939348004321659
      ],
      "tau_20_CI": [
        -0.28421052631578947,
        0.28421052631578947
      ],
      "top10_CI": [
        0.5673258539852646,
        0.5964166108506365
      ]
    },
    "JointRuleOPE": {
      "MSE": 0.00619966433603065,
      "bias": 0.011455619274802644,
      "tau_top20": -0.042105263157894736,
      "avg_GT_value_top10": 0.5888479571332886,
      "runtime_s": 0.35306525230407715,
      "MSE_CI": [
        0.005933248768023141,
        0.008959797575079264
      ],
      "tau_20_CI": [
        -0.2331578947368421,
        0.244736842105263
      ],
      "top10_CI": [
        0.5725100468854654,
        0.5906647689216343
      ]
    }
  },
  "oracle_top10_value": 0.6774279973208304,
  "MSE_reduction_RuleOPE_vs_DR_pct_median": 0.00011351427626760113,
  "MSE_reduction_RuleOPE_vs_DR_pct_CI": [
    -0.0012869999405307198,
    2.346922172220489
  ]
}