{
  "n_logs": 597,
  "n_rules": 146,
  "correction_rate": 0.8994974874371859,
  "oracle_reward_range": [
    0.10019954226901942,
    0.4688323382751405
  ],
  "logging": "deterministic_noop",
  "estimators": {
    "DM": {
      "MSE": 0.008943662248981625,
      "bias": -0.045531747014259,
      "tau_top20": 0.1473684210526316,
      "avg_GT_value_top10": 0.15218204868605884,
      "runtime_s": 0.04866504669189453,
      "MSE_CI": [
        0.005815918789738992,
        0.012987236476377204
      ],
      "tau_20_CI": [
        -0.25263157894736843,
        0.27631578947368407
      ],
      "top10_CI": [
        0.13943303929834122,
        0.21301735021238472
      ]
    },
    "DR": {
      "MSE": 0.008986710315574496,
      "bias": -0.04639991956585909,
      "tau_top20": -0.15789473684210525,
      "avg_GT_value_top10": 0.14952955898878642,
      "runtime_s": 0.10672402381896973,
      "MSE_CI": [
        0.005823083914817298,
        0.012999846568289695
      ],
      "tau_20_CI": [
        -0.2947368421052632,
        0.2847368421052631
      ],
      "top10_CI": [
        0.14082226954169164,
        0.21301735021238472
      ]
    },
    "RuleOPE": {
      "MSE": 0.008981384904184136,
      "bias": -0.046357050364146266,
      "tau_top20": -0.15789473684210525,
      "avg_GT_value_top10": 0.14952955898878642,
      "runtime_s": 0.24684906005859375,
      "MSE_CI": [
        0.0057857914187901685,
        0.012993562417347502
      ],
      "tau_20_CI": [
        -0.27473684210526317,
        0.2642105263157894
      ],
      "top10_CI": [
        0.1407532120018933,
        0.21301735021238472
      ]
    },
    "JointRuleOPE": {
      "MSE": 0.009067972256012538,
      "bias": -0.046922775284480765,
      "tau_top20": -0.11578947368421053,
      "avg_GT_value_top10": 0.1401103862252603,
      "runtime_s": 0.1801130771636963,
      "MSE_CI": [
        0.005818364525167229,
        0.01320437495340848
      ],
      "tau_20_CI": [
        -0.2889473684210526,
        0.15789473684210525
      ],
      "top10_CI": [
        0.1401103862252603,
        0.21339222131194716
      ]
    }
  },
  "oracle_top10_value": 0.4084844907065057
}