{
  "n_logs": 1493,
  "n_rules": 141,
  "logging": "uniform_stochastic_3_actions",
  "reward_type": "LLM_generator_F1",
  "estimators": {
    "IPS": {
      "MSE": 0.014843219157205791,
      "bias": -0.044278370040224994,
      "tau_top20": -0.06315789473684211,
      "avg_GT_value_top10": 0.13928309869171143,
      "runtime_s": 0.10615396499633789,
      "MSE_CI": [
        0.01470477222966696,
        0.016276476532859373
      ],
      "tau_20_CI": [
        -0.20105263157894734,
        0.2736842105263158
      ],
      "top10_CI": [
        0.1373080912671941,
        0.13916167348018152
      ]
    },
    "CIPS": {
      "MSE": 0.014843219157205791,
      "bias": -0.044278370040224994,
      "tau_top20": -0.06315789473684211,
      "avg_GT_value_top10": 0.13928309869171143,
      "runtime_s": 0.1112070083618164,
      "MSE_CI": [
        0.01470477222966696,
        0.016276476532859373
      ],
      "tau_20_CI": [
        -0.20105263157894734,
        0.2736842105263158
      ],
      "top10_CI": [
        0.1373080912671941,
        0.13916167348018152
      ]
    },
    "NonCompDR": {
      "MSE": 0.009420245567628447,
      "bias": -0.043610602166588644,
      "tau_top20": -0.19999999999999998,
      "avg_GT_value_top10": 0.17040521558861843,
      "runtime_s": 0.24515724182128906,
      "MSE_CI": [
        0.008319154479230118,
        0.012153300748701197
      ],
      "tau_20_CI": [
        -0.2636842105263158,
        0.22157894736842101
      ],
      "top10_CI": [
        0.1424924418840358,
        0.2222347622445934
      ]
    },
    "CascadeDR": {
      "MSE": 0.009427640619356442,
      "bias": -0.04885019551532203,
      "tau_top20": 0.09473684210526316,
      "avg_GT_value_top10": 0.138587421500194,
      "runtime_s": 0.6637558937072754,
      "MSE_CI": [
        0.00786178809325062,
        0.011016764555445938
      ],
      "tau_20_CI": [
        -0.25315789473684214,
        0.29526315789473684
      ],
      "top10_CI": [
        0.13828848841681066,
        0.4174826204625235
      ]
    },
    "CompDM": {
      "MSE": 0.009433033488677259,
      "bias": -0.04921605825070148,
      "tau_top20": -0.16842105263157894,
      "avg_GT_value_top10": 0.1385595666431362,
      "runtime_s": 0.09389185905456543,
      "MSE_CI": [
        0.007905775399315827,
        0.011100153798426368
      ],
      "tau_20_CI": [
        -0.15789473684210525,
        0.29526315789473684
      ],
      "top10_CI": [
        0.138358562689647,
        0.4175812393170415
      ]
    },
    "CompDR": {
      "MSE": 0.009356992076358516,
      "bias": -0.048142898197485885,
      "tau_top20": 0.12631578947368421,
      "avg_GT_value_top10": 0.138587421500194,
      "runtime_s": 0.2707059383392334,
      "MSE_CI": [
        0.007958715793706111,
        0.011004504332417881
      ],
      "tau_20_CI": [
        -0.1794736842105263,
        0.3473684210526316
      ],
      "top10_CI": [
        0.13835856268964697,
        0.4175812393170415
      ]
    },
    "RuleOPE": {
      "MSE": 0.009356992076358516,
      "bias": -0.048142898197485885,
      "tau_top20": 0.12631578947368421,
      "avg_GT_value_top10": 0.138587421500194,
      "runtime_s": 0.27240991592407227,
      "MSE_CI": [
        0.007958715793706111,
        0.011004504332417881
      ],
      "tau_20_CI": [
        -0.1794736842105263,
        0.3473684210526316
      ],
      "top10_CI": [
        0.13835856268964697,
        0.4175812393170415
      ]
    },
    "JointRuleOPE": {
      "MSE": 0.009371468551145923,
      "bias": -0.04833079188739424,
      "tau_top20": -0.4105263157894737,
      "avg_GT_value_top10": 0.14163568026484857,
      "runtime_s": 0.2760632038116455,
      "MSE_CI": [
        0.007948236249230335,
        0.01111638786375515
      ],
      "tau_20_CI": [
        -0.26421052631578945,
        0.2631578947368421
      ],
      "top10_CI": [
        0.13852559965097397,
        0.39496481866589495
      ]
    }
  },
  "oracle_top10_value": 0.4222424987430939,
  "MSE_reduction_CompDR_vs_NonCompDR_pct_median": 5.300541948358644,
  "MSE_reduction_CompDR_vs_NonCompDR_pct_CI": [
    -5.308257633948479,
    15.542819581869333
  ],
  "MSE_reduction_RuleOPE_vs_NonCompDR_pct_median": 5.300541948358644,
  "MSE_reduction_RuleOPE_vs_NonCompDR_pct_CI": [
    -5.308257633948479,
    15.542819581869333
  ],
  "MSE_reduction_JointRuleOPE_vs_NonCompDR_pct_median": 5.192401576641253,
  "MSE_reduction_JointRuleOPE_vs_NonCompDR_pct_CI": [
    -5.29689707125729,
    15.682204841269597
  ],
  "MSE_reduction_CompDR_vs_IPS_pct_median": 39.098250441507574,
  "MSE_reduction_RuleOPE_vs_IPS_pct_median": 39.098250441507574,
  "MSE_reduction_JointRuleOPE_vs_IPS_pct_median": 39.13741571641686
}