{
  "n_samples_total": 1493,
  "scaling": {
    "150": {
      "NonCompDR": {
        "MSE_mean": 0.01527153390304801,
        "MSE_std": 0.0043184632173075815,
        "MSE_CI90": [
          0.009021734101105584,
          0.02109626685085979
        ],
        "top10_mean": 0.164612552332944
      },
      "CompDR": {
        "MSE_mean": 0.011804610022347811,
        "MSE_std": 0.003947409979225874,
        "MSE_CI90": [
          0.006881617891092791,
          0.017379839510861306
        ],
        "top10_mean": 0.17776956926315285
      },
      "RuleOPE": {
        "MSE_mean": 0.011804610022347811,
        "MSE_std": 0.003947409979225874,
        "MSE_CI90": [
          0.006881617891092791,
          0.017379839510861306
        ],
        "top10_mean": 0.17776956926315285
      },
      "JointRuleOPE": {
        "MSE_mean": 0.011917673266041932,
        "MSE_std": 0.004135246775221892,
        "MSE_CI90": [
          0.006817698221355241,
          0.01794190115138963
        ],
        "top10_mean": 0.19013872590384046
      },
      "CompDR_vs_NonCompDR_pct": {
        "median": 22.32539312016934,
        "mean": 22.505320980540514,
        "CI90": [
          3.834053811711252,
          43.43432795458829
        ]
      },
      "RuleOPE_vs_NonCompDR_pct": {
        "median": 22.32539312016934,
        "mean": 22.505320980540514,
        "CI90": [
          3.834053811711252,
          43.43432795458829
        ]
      },
      "JointRuleOPE_vs_NonCompDR_pct": {
        "median": 21.7862665244958,
        "mean": 22.019672606040917,
        "CI90": [
          1.8535773092893608,
          44.545904784792995
        ]
      }
    },
    "300": {
      "NonCompDR": {
        "MSE_mean": 0.012132313833080123,
        "MSE_std": 0.0015615957910472466,
        "MSE_CI90": [
          0.0095490948043767,
          0.014723126089499073
        ],
        "top10_mean": 0.16472878567711385
      },
      "CompDR": {
        "MSE_mean": 0.010300748320343856,
        "MSE_std": 0.001984925698649017,
        "MSE_CI90": [
          0.0074783980331382905,
          0.012878230693367453
        ],
        "top10_mean": 0.1667582680899538
      },
      "RuleOPE": {
        "MSE_mean": 0.010300748320343856,
        "MSE_std": 0.001984925698649017,
        "MSE_CI90": [
          0.0074783980331382905,
          0.012878230693367453
        ],
        "top10_mean": 0.1667582680899538
      },
      "JointRuleOPE": {
        "MSE_mean": 0.010342812902952456,
        "MSE_std": 0.002022660778039874,
        "MSE_CI90": [
          0.0074507214603588496,
          0.012975950967715368
        ],
        "top10_mean": 0.1740450113414564
      },
      "CompDR_vs_NonCompDR_pct": {
        "median": 13.40890007176383,
        "mean": 15.301081171326027,
        "CI90": [
          3.205283246408244,
          39.352572850153585
        ]
      },
      "RuleOPE_vs_NonCompDR_pct": {
        "median": 13.40890007176383,
        "mean": 15.301081171326027,
        "CI90": [
          3.205283246408244,
          39.352572850153585
        ]
      },
      "JointRuleOPE_vs_NonCompDR_pct": {
        "median": 12.645439737065217,
        "mean": 14.976188282630769,
        "CI90": [
          3.5796320434543762,
          39.221841870650344
        ]
      }
    },
    "600": {
      "NonCompDR": {
        "MSE_mean": 0.010871311756678406,
        "MSE_std": 0.0016475835655663739,
        "MSE_CI90": [
          0.00895492327953253,
          0.013557395715158542
        ],
        "top10_mean": 0.17042584680128953
      },
      "CompDR": {
        "MSE_mean": 0.009647689416032845,
        "MSE_std": 0.0014807819783075736,
        "MSE_CI90": [
          0.007152905190839106,
          0.011519210252206938
        ],
        "top10_mean": 0.21201563310269309
      },
      "RuleOPE": {
        "MSE_mean": 0.009647689416032845,
        "MSE_std": 0.0014807819783075736,
        "MSE_CI90": [
          0.007152905190839106,
          0.011519210252206938
        ],
        "top10_mean": 0.21201563310269309
      },
      "JointRuleOPE": {
        "MSE_mean": 0.00967491162230452,
        "MSE_std": 0.0015292331210362976,
        "MSE_CI90": [
          0.007225043114469491,
          0.011624138174360286
        ],
        "top10_mean": 0.21193232984769791
      },
      "CompDR_vs_NonCompDR_pct": {
        "median": 12.761925676558821,
        "mean": 10.539622973962159,
        "CI90": [
          -11.349530020708102,
          25.550695472233514
        ]
      },
      "RuleOPE_vs_NonCompDR_pct": {
        "median": 12.761925676558821,
        "mean": 10.539622973962159,
        "CI90": [
          -11.349530020708102,
          25.550695472233514
        ]
      },
      "JointRuleOPE_vs_NonCompDR_pct": {
        "median": 12.806974640950358,
        "mean": 10.350603301065627,
        "CI90": [
          -9.758653880492636,
          25.71214030526358
        ]
      }
    },
    "1200": {
      "NonCompDR": {
        "MSE_mean": 0.00980632825721983,
        "MSE_std": 0.0014892920486338195,
        "MSE_CI90": [
          0.007777116561793815,
          0.01217599571554697
        ],
        "top10_mean": 0.18479585433454862
      },
      "CompDR": {
        "MSE_mean": 0.009299283714223417,
        "MSE_std": 0.0012999815907259475,
        "MSE_CI90": [
          0.007740482473161916,
          0.011097524824373923
        ],
        "top10_mean": 0.2090180042639535
      },
      "RuleOPE": {
        "MSE_mean": 0.009299283714223417,
        "MSE_std": 0.0012999815907259475,
        "MSE_CI90": [
          0.007740482473161916,
          0.011097524824373923
        ],
        "top10_mean": 0.2090180042639535
      },
      "JointRuleOPE": {
        "MSE_mean": 0.009319609226675622,
        "MSE_std": 0.0013419715890186585,
        "MSE_CI90": [
          0.007748005875976665,
          0.011189075478542625
        ],
        "top10_mean": 0.21537253270746706
      },
      "CompDR_vs_NonCompDR_pct": {
        "median": 2.9889291055966103,
        "mean": 4.5103357395592685,
        "CI90": [
          -8.920289312054603,
          23.379165266253477
        ]
      },
      "RuleOPE_vs_NonCompDR_pct": {
        "median": 2.9889291055966103,
        "mean": 4.5103357395592685,
        "CI90": [
          -8.920289312054603,
          23.379165266253477
        ]
      },
      "JointRuleOPE_vs_NonCompDR_pct": {
        "median": 3.0193322069118844,
        "mean": 4.328998565183213,
        "CI90": [
          -9.538021054261899,
          23.407586212865777
        ]
      }
    }
  }
}