{
  "n_logs": 597,
  "n_rules": 146,
  "correction_rate": 0.04020100502512563,
  "noop_mean_reward": 0.6959798994974874,
  "reward_type": "retrieval_quality",
  "estimators": {
    "DM": {
      "MSE": 0.0038791784646242254,
      "bias": -0.013342035747513177,
      "tau_top20": 0.010526315789473684,
      "avg_GT_value_top10": 0.6885259631490788,
      "runtime_s": 0.048986196517944336,
      "MSE_CI": [
        0.0036932757755609204,
        0.013143677466314013
      ],
      "tau_20_CI": [
        -0.25315789473684214,
        0.17894736842105263
      ],
      "top10_CI": [
        0.5354857621440536,
        0.6911222780569515
      ]
    },
    "DR": {
      "MSE": 0.0038982889835204484,
      "bias": -0.012754039757319759,
      "tau_top20": -0.15789473684210525,
      "avg_GT_value_top10": 0.6885259631490788,
      "runtime_s": 0.1043550968170166,
      "MSE_CI": [
        0.0037118799781923548,
        0.01296371313836313
      ],
      "tau_20_CI": [
        -0.20052631578947366,
        0.23368421052631566
      ],
      "top10_CI": [
        0.5409254606365159,
        0.6903768844221105
      ]
    },
    "RuleOPE": {
      "MSE": 0.003863198867546333,
      "bias": -0.01162613426107313,
      "tau_top20": 0.031578947368421054,
      "avg_GT_value_top10": 0.6871859296482412,
      "runtime_s": 0.19356799125671387,
      "MSE_CI": [
        0.003710132145194496,
        0.012602247853527591
      ],
      "tau_20_CI": [
        -0.2536842105263158,
        0.3057894736842105
      ],
      "top10_CI": [
        0.5528433835845895,
        0.6897822445561139
      ]
    },
    "JointRuleOPE": {
      "MSE": 0.003913240234332528,
      "bias": -0.012341744049627776,
      "tau_top20": -0.2631578947368421,
      "avg_GT_value_top10": 0.6824120603015075,
      "runtime_s": 0.18324995040893555,
      "MSE_CI": [
        0.0037468062890932373,
        0.01266563115868015
      ],
      "tau_20_CI": [
        -0.32684210526315793,
        0.13736842105263156
      ],
      "top10_CI": [
        0.5413358458961472,
        0.6894514237855947
      ]
    }
  },
  "oracle_top10_value": 0.7
}