{
  "mild": {
    "n_truly_better_at_delta_0_01": 68,
    "ADAPT": {
      "n_discoveries": 77,
      "true_positives": 68,
      "false_positives": 9,
      "empirical_FDR": 0.11688311688311688,
      "empirical_TPR": 1.0,
      "mean_regret_per_discovery": 0.03829467592439317,
      "runtime_s": 41.86270999908447
    },
    "WS_eBH": {
      "n_discoveries": 0,
      "true_positives": 0,
      "false_positives": 0,
      "empirical_FDR": 0.0,
      "empirical_TPR": 0.0,
      "mean_regret_per_discovery": 0.0,
      "runtime_s": 59.47828912734985,
      "lower_CS_coverage": 0.93
    },
    "Wald": {
      "n_discoveries": 87,
      "true_positives": 68,
      "false_positives": 19,
      "empirical_FDR": 0.21839080459770116,
      "empirical_TPR": 1.0,
      "mean_regret_per_discovery": 0.040525889515882096
    },
    "Bonferroni": {
      "n_discoveries": 58,
      "true_positives": 57,
      "false_positives": 1,
      "empirical_FDR": 0.017241379310344827,
      "empirical_TPR": 0.8382352941176471,
      "mean_regret_per_discovery": 0.03397628528768981
    }
  },
  "moderate": {
    "n_truly_better_at_delta_0_01": 70,
    "ADAPT": {
      "n_discoveries": 62,
      "true_positives": 61,
      "false_positives": 1,
      "empirical_FDR": 0.016129032258064516,
      "empirical_TPR": 0.8714285714285714,
      "mean_regret_per_discovery": 0.03551516340487593,
      "runtime_s": 82.16124296188354
    },
    "WS_eBH": {
      "n_discoveries": 0,
      "true_positives": 0,
      "false_positives": 0,
      "empirical_FDR": 0.0,
      "empirical_TPR": 0.0,
      "mean_regret_per_discovery": 0.0,
      "runtime_s": 100.7657368183136,
      "lower_CS_coverage": 0.99
    },
    "Wald": {
      "n_discoveries": 72,
      "true_positives": 67,
      "false_positives": 5,
      "empirical_FDR": 0.06944444444444445,
      "empirical_TPR": 0.9571428571428572,
      "mean_regret_per_discovery": 0.03801453605990679
    },
    "Bonferroni": {
      "n_discoveries": 32,
      "true_positives": 32,
      "false_positives": 0,
      "empirical_FDR": 0.0,
      "empirical_TPR": 0.45714285714285713,
      "mean_regret_per_discovery": 0.025603495520639896
    }
  },
  "heavy": {
    "n_truly_better_at_delta_0_01": 71,
    "ADAPT": {
      "n_discoveries": 26,
      "true_positives": 26,
      "false_positives": 0,
      "empirical_FDR": 0.0,
      "empirical_TPR": 0.36619718309859156,
      "mean_regret_per_discovery": 0.02313239719458704,
      "runtime_s": 12.818883895874023
    },
    "WS_eBH": {
      "n_discoveries": 0,
      "true_positives": 0,
      "false_positives": 0,
      "empirical_FDR": 0.0,
      "empirical_TPR": 0.0,
      "mean_regret_per_discovery": 0.0,
      "runtime_s": 18.854180812835693,
      "lower_CS_coverage": 1.0
    },
    "Wald": {
      "n_discoveries": 61,
      "true_positives": 58,
      "false_positives": 3,
      "empirical_FDR": 0.04918032786885246,
      "empirical_TPR": 0.8169014084507042,
      "mean_regret_per_discovery": 0.036289364814424574
    },
    "Bonferroni": {
      "n_discoveries": 7,
      "true_positives": 7,
      "false_positives": 0,
      "empirical_FDR": 0.0,
      "empirical_TPR": 0.09859154929577464,
      "mean_regret_per_discovery": 0.009579141643667244
    }
  }
}