{
  "N=300": {
    "naive": {
      "mean": 0.03719909825724523,
      "std": 0.018226292642037897
    },
    "std_lcb": {
      "mean": 0.03719909825724523,
      "std": 0.018226292642037897
    },
    "comp_lcb": {
      "mean": 0.03719909825724523,
      "std": 0.018226292642037897
    }
  },
  "N=600": {
    "naive": {
      "mean": 0.049413309114522394,
      "std": 0.0030575660332456357
    },
    "std_lcb": {
      "mean": 0.049413309114522394,
      "std": 0.0030575660332456357
    },
    "comp_lcb": {
      "mean": 0.049413309114522394,
      "std": 0.0030575660332456357
    }
  },
  "N=1200": {
    "naive": {
      "mean": 0.046514787995367325,
      "std": 0.007432342478993298
    },
    "std_lcb": {
      "mean": 0.046514787995367325,
      "std": 0.007432342478993298
    },
    "comp_lcb": {
      "mean": 0.046514787995367325,
      "std": 0.007432342478993298
    }
  },
  "N=2400": {
    "naive": {
      "mean": 0.03801637209843711,
      "std": 0.013962480398916302
    },
    "std_lcb": {
      "mean": 0.03801637209843711,
      "std": 0.013962480398916302
    },
    "comp_lcb": {
      "mean": 0.03801637209843711,
      "std": 0.013962480398916302
    }
  }
}