{
  "N=300": {
    "naive": {
      "mean": 0.05158941312268579,
      "std": 0.013469425667436544
    },
    "std_lcb": {
      "mean": 0.05158941312268579,
      "std": 0.013469425667436544
    },
    "comp_lcb": {
      "mean": 0.05158941312268579,
      "std": 0.013469425667436544
    }
  },
  "N=600": {
    "naive": {
      "mean": 0.04941330911452237,
      "std": 0.0030575660332456496
    },
    "std_lcb": {
      "mean": 0.04941330911452237,
      "std": 0.0030575660332456496
    },
    "comp_lcb": {
      "mean": 0.04941330911452237,
      "std": 0.0030575660332456496
    }
  },
  "N=1200": {
    "naive": {
      "mean": 0.046514787995367304,
      "std": 0.007432342478993316
    },
    "std_lcb": {
      "mean": 0.046514787995367304,
      "std": 0.007432342478993316
    },
    "comp_lcb": {
      "mean": 0.046514787995367304,
      "std": 0.007432342478993316
    }
  },
  "N=2400": {
    "naive": {
      "mean": 0.03801637209843709,
      "std": 0.013962480398916274
    },
    "std_lcb": {
      "mean": 0.03801637209843709,
      "std": 0.013962480398916274
    },
    "comp_lcb": {
      "mean": 0.03801637209843709,
      "std": 0.013962480398916274
    }
  }
}