{
  "R=50": {
    "RuleOPE": {
      "mse": 5.916980687028609e-06,
      "bias": -0.0003270537059149681,
      "coverage_95": 0.94,
      "topk_tau": 0.7999999999999999,
      "time_s": 8.185190677642822,
      "n_rules": 50
    },
    "DR": {
      "mse": 6.501231247486804e-06,
      "bias": -0.00039068577182233,
      "coverage_95": 0.94,
      "topk_tau": 0.8105263157894737,
      "time_s": 0.8978643417358398,
      "n_rules": 50
    },
    "DM": {
      "mse": 5.991062284956873e-06,
      "bias": -0.0002780706660832122,
      "coverage_95": 0.92,
      "topk_tau": 0.7999999999999999,
      "time_s": 0.4056363105773926,
      "n_rules": 50
    }
  },
  "R=500": {
    "RuleOPE": {
      "mse": 7.546172255449231e-06,
      "bias": 0.00020163871549979916,
      "coverage_95": 0.936,
      "topk_tau": 0.5,
      "time_s": 17.50089454650879,
      "n_rules": 500
    },
    "DR": {
      "mse": 7.64712490761197e-06,
      "bias": 0.00012601176522955248,
      "coverage_95": 0.934,
      "topk_tau": 0.5,
      "time_s": 3.2202274799346924,
      "n_rules": 500
    },
    "DM": {
      "mse": 7.5981980475350925e-06,
      "bias": 0.00022267822613169307,
      "coverage_95": 0.906,
      "topk_tau": 0.5212765957446809,
      "time_s": 1.0426769256591797,
      "n_rules": 500
    }
  },
  "R=5000": {
    "RuleOPE": {
      "mse": 4.347900107287516e-06,
      "bias": 4.308240042013909e-05,
      "coverage_95": 0.9706,
      "topk_tau": 0.7526881720430109,
      "time_s": 49.08071851730347,
      "n_rules": 5000
    },
    "DR": {
      "mse": 4.474858547307314e-06,
      "bias": 1.6751610908351865e-06,
      "coverage_95": 0.9686,
      "topk_tau": 0.7634408602150539,
      "time_s": 19.401522874832153,
      "n_rules": 5000
    },
    "DM": {
      "mse": 4.2417421550926986e-06,
      "bias": 7.423200139849263e-05,
      "coverage_95": 0.9512,
      "topk_tau": 0.7741935483870969,
      "time_s": 7.792208433151245,
      "n_rules": 5000
    }
  }
}