{
  "R=50": {
    "RuleOPE": {
      "mse": 5.916859262775469e-06,
      "bias": -0.00032712692329099234,
      "coverage_95": 0.94,
      "topk_tau": 0.7999999999999999,
      "time_s": 0.3840932846069336,
      "n_rules": 50
    },
    "DR": {
      "mse": 6.501078462577216e-06,
      "bias": -0.0003908273405833551,
      "coverage_95": 0.94,
      "topk_tau": 0.8105263157894737,
      "time_s": 0.2094271183013916,
      "n_rules": 50
    },
    "DM": {
      "mse": 5.99096198964766e-06,
      "bias": -0.0002780134456242278,
      "coverage_95": 0.92,
      "topk_tau": 0.7999999999999999,
      "time_s": 0.07681894302368164,
      "n_rules": 50
    }
  },
  "R=500": {
    "RuleOPE": {
      "mse": 7.546564276176409e-06,
      "bias": 0.00020161038952720323,
      "coverage_95": 0.936,
      "topk_tau": 0.5,
      "time_s": 3.5837628841400146,
      "n_rules": 500
    },
    "DR": {
      "mse": 7.647473947924626e-06,
      "bias": 0.00012592409910023883,
      "coverage_95": 0.934,
      "topk_tau": 0.5,
      "time_s": 1.5222301483154297,
      "n_rules": 500
    },
    "DM": {
      "mse": 7.5978709266170435e-06,
      "bias": 0.00022265754331995735,
      "coverage_95": 0.906,
      "topk_tau": 0.5212765957446809,
      "time_s": 0.5774259567260742,
      "n_rules": 500
    }
  },
  "R=5000": {
    "RuleOPE": {
      "mse": 4.347993844612165e-06,
      "bias": 4.3041576997968004e-05,
      "coverage_95": 0.9706,
      "topk_tau": 0.7526881720430109,
      "time_s": 34.36747694015503,
      "n_rules": 5000
    },
    "DR": {
      "mse": 4.474887435282688e-06,
      "bias": 1.5982058239451868e-06,
      "coverage_95": 0.9686,
      "topk_tau": 0.7634408602150539,
      "time_s": 16.883068084716797,
      "n_rules": 5000
    },
    "DM": {
      "mse": 4.241542039371546e-06,
      "bias": 7.421586642115454e-05,
      "coverage_95": 0.9512,
      "topk_tau": 0.7741935483870969,
      "time_s": 5.9685587882995605,
      "n_rules": 5000
    }
  }
}