{
  "N=300": {
    "RuleOPE": {
      "mse_mean": 0.0009899562486162582,
      "mse_std": 0.000290344447012769,
      "tau_mean": 0.07404129003015675
    },
    "DR": {
      "mse_mean": 0.0011787752813156404,
      "mse_std": 0.00023334938857097056,
      "tau_mean": -0.014919263330058467
    },
    "Joint-per_rule_eb": {
      "mse_mean": 0.0010634912737217455,
      "mse_std": 0.00026107845583955727,
      "tau_mean": 0.2845349839949611
    },
    "Joint-james_stein": {
      "mse_mean": 0.0010619617993754727,
      "mse_std": 0.00025230392176502206,
      "tau_mean": 0.21092493522388453
    }
  },
  "N=600": {
    "RuleOPE": {
      "mse_mean": 0.0008831369469631843,
      "mse_std": 9.08576832377353e-05,
      "tau_mean": 0.15912253003292706
    },
    "DR": {
      "mse_mean": 0.0010291944127504976,
      "mse_std": 6.025990655172925e-05,
      "tau_mean": 0.027224527434485012
    },
    "Joint-per_rule_eb": {
      "mse_mean": 0.0009020835567991012,
      "mse_std": 7.374923651083596e-05,
      "tau_mean": 0.356571416079521
    },
    "Joint-james_stein": {
      "mse_mean": 0.00090147601670273,
      "mse_std": 7.044272557485469e-05,
      "tau_mean": 0.33550024406176376
    }
  },
  "N=1200": {
    "RuleOPE": {
      "mse_mean": 0.0009498584415851269,
      "mse_std": 0.00013559388862203212,
      "tau_mean": 0.0769489989550298
    },
    "DR": {
      "mse_mean": 0.0010383888957992908,
      "mse_std": 0.00010174198909151944,
      "tau_mean": 0.011843988643464734
    },
    "Joint-per_rule_eb": {
      "mse_mean": 0.0009523815523705938,
      "mse_std": 0.0001364940606378933,
      "tau_mean": 0.01751545805885735
    },
    "Joint-james_stein": {
      "mse_mean": 0.0009520765996898791,
      "mse_std": 0.00013470595414654922,
      "tau_mean": 0.01756217848841359
    }
  },
  "N=2400": {
    "RuleOPE": {
      "mse_mean": 0.0009915131646612075,
      "mse_std": 7.329201437332995e-05,
      "tau_mean": 0.22410217637027932
    },
    "DR": {
      "mse_mean": 0.0010478993029901628,
      "mse_std": 8.519742323009004e-05,
      "tau_mean": 0.04547761305987271
    },
    "Joint-per_rule_eb": {
      "mse_mean": 0.0009926009889086034,
      "mse_std": 7.336831910386886e-05,
      "tau_mean": 0.1690622489671504
    },
    "Joint-james_stein": {
      "mse_mean": 0.0009916068533857671,
      "mse_std": 7.316445058389822e-05,
      "tau_mean": 0.14795399607177365
    }
  }
}