{
  "N=300": {
    "RuleOPE": {
      "mse_mean": 0.0009899530124984702,
      "mse_std": 0.00029034334991979603,
      "tau_mean": 0.01269571471249407
    },
    "DR": {
      "mse_mean": 0.0011787706429747544,
      "mse_std": 0.00023334702387795282,
      "tau_mean": -0.015045925213711701
    },
    "Joint-per_rule_eb": {
      "mse_mean": 0.0010634876930857688,
      "mse_std": 0.0002610771948844567,
      "tau_mean": 0.2845349839949611
    },
    "Joint-james_stein": {
      "mse_mean": 0.0010619583710958828,
      "mse_std": 0.0002523026206810842,
      "tau_mean": 0.21092493522388453
    }
  },
  "N=600": {
    "RuleOPE": {
      "mse_mean": 0.0008831214757950404,
      "mse_std": 9.088239543561921e-05,
      "tau_mean": 0.15912253003292706
    },
    "DR": {
      "mse_mean": 0.001029190931073575,
      "mse_std": 6.0262447465759046e-05,
      "tau_mean": 0.027224527434485012
    },
    "Joint-per_rule_eb": {
      "mse_mean": 0.0009020694366763012,
      "mse_std": 7.377920288819148e-05,
      "tau_mean": 0.356571416079521
    },
    "Joint-james_stein": {
      "mse_mean": 0.0009014628955489884,
      "mse_std": 7.047164408121372e-05,
      "tau_mean": 0.33550024406176376
    }
  },
  "N=1200": {
    "RuleOPE": {
      "mse_mean": 0.0009499258710796302,
      "mse_std": 0.00013572858527351384,
      "tau_mean": 0.0769489989550298
    },
    "DR": {
      "mse_mean": 0.001038463065072827,
      "mse_std": 0.00010180241385936628,
      "tau_mean": 0.011843988643464734
    },
    "Joint-per_rule_eb": {
      "mse_mean": 0.0009524507325152573,
      "mse_std": 0.00013662697743667507,
      "tau_mean": 0.01751545805885735
    },
    "Joint-james_stein": {
      "mse_mean": 0.0009521455835464471,
      "mse_std": 0.0001348380470882602,
      "tau_mean": 0.01756217848841359
    }
  },
  "N=2400": {
    "RuleOPE": {
      "mse_mean": 0.0009913144060847009,
      "mse_std": 7.311812763875654e-05,
      "tau_mean": 0.23855825561331634
    },
    "DR": {
      "mse_mean": 0.001047654106959812,
      "mse_std": 8.542516870532224e-05,
      "tau_mean": 0.04547761305987271
    },
    "Joint-per_rule_eb": {
      "mse_mean": 0.0009923952366324635,
      "mse_std": 7.32023551616196e-05,
      "tau_mean": 0.15850812251946203
    },
    "Joint-james_stein": {
      "mse_mean": 0.0009914016523813807,
      "mse_std": 7.300393426598088e-05,
      "tau_mean": 0.14795399607177365
    }
  }
}