{
  "N=300": {
    "DM": {
      "mse_mean": 0.001034873816881891,
      "mse_std": 0.00014399144042931717,
      "tau_mean": 0.08999974489265833
    },
    "DR": {
      "mse_mean": 0.001036621776250732,
      "mse_std": 0.0001430831206567022,
      "tau_mean": 0.09420925334785483
    },
    "CIPS-DR": {
      "mse_mean": 0.001036621776250732,
      "mse_std": 0.0001430831206567022,
      "tau_mean": 0.09420925334785483
    },
    "CascadeDR": {
      "mse_mean": 0.0010366216656799002,
      "mse_std": 0.0001430834131321666,
      "tau_mean": 0.09420925334785483
    },
    "RuleOPE": {
      "mse_mean": 0.0008182074856388072,
      "mse_std": 0.0003209112008053344,
      "tau_mean": 0.14345409861208872
    },
    "JointRuleOPE": {
      "mse_mean": 0.0008928532183133896,
      "mse_std": 0.00028068941780614107,
      "tau_mean": 0.10967948308131517
    },
    "DualShrinkOPE": {
      "mse_mean": 0.0009172676031017901,
      "mse_std": 0.0002417293216208743,
      "tau_mean": 0.10925154105556527
    }
  },
  "N=600": {
    "DM": {
      "mse_mean": 0.0010392222106967131,
      "mse_std": 0.0001777890421597266,
      "tau_mean": 0.10371640568679844
    },
    "DR": {
      "mse_mean": 0.0010395562045865756,
      "mse_std": 0.00017759510735105086,
      "tau_mean": 0.12974902709244965
    },
    "CIPS-DR": {
      "mse_mean": 0.0010395562045865756,
      "mse_std": 0.00017759510735105086,
      "tau_mean": 0.12974902709244965
    },
    "CascadeDR": {
      "mse_mean": 0.0010395588515419772,
      "mse_std": 0.00017759606409972441,
      "tau_mean": 0.12974902709244965
    },
    "RuleOPE": {
      "mse_mean": 0.0009052723447010039,
      "mse_std": 0.0002555669368979465,
      "tau_mean": -0.0025888736892326738
    },
    "JointRuleOPE": {
      "mse_mean": 0.0009200310646400169,
      "mse_std": 0.00024920319821172024,
      "tau_mean": 0.18245845851722153
    },
    "DualShrinkOPE": {
      "mse_mean": 0.000964970137974523,
      "mse_std": 0.0002167316483702199,
      "tau_mean": 0.04592031782326354
    }
  },
  "N=1200": {
    "DM": {
      "mse_mean": 0.0009606753867646504,
      "mse_std": 5.417624421648774e-05,
      "tau_mean": 0.028060687218850577
    },
    "DR": {
      "mse_mean": 0.0009599668520858459,
      "mse_std": 5.2313933919561706e-05,
      "tau_mean": -0.014513310709493637
    },
    "CIPS-DR": {
      "mse_mean": 0.0009599668520858459,
      "mse_std": 5.2313933919561706e-05,
      "tau_mean": -0.014513310709493637
    },
    "CascadeDR": {
      "mse_mean": 0.0009599640539677236,
      "mse_std": 5.231357272354329e-05,
      "tau_mean": -0.014513310709493637
    },
    "RuleOPE": {
      "mse_mean": 0.0008548744636768938,
      "mse_std": 0.00017736788520860745,
      "tau_mean": 0.14476646342826965
    },
    "JointRuleOPE": {
      "mse_mean": 0.0008605993504372103,
      "mse_std": 0.00016846553224971232,
      "tau_mean": 0.11172912492278049
    },
    "DualShrinkOPE": {
      "mse_mean": 0.0009052105528834616,
      "mse_std": 0.0001092907631548411,
      "tau_mean": 0.1586285425034743
    }
  },
  "N=2400": {
    "DM": {
      "mse_mean": 0.0010055717580970383,
      "mse_std": 9.40572221649074e-05,
      "tau_mean": -0.020456330191640965
    },
    "DR": {
      "mse_mean": 0.0010054229231994992,
      "mse_std": 9.428887502113101e-05,
      "tau_mean": -0.049593052817665254
    },
    "CIPS-DR": {
      "mse_mean": 0.0010054229231994992,
      "mse_std": 9.428887502113101e-05,
      "tau_mean": -0.049593052817665254
    },
    "CascadeDR": {
      "mse_mean": 0.001005387923263275,
      "mse_std": 9.424166079546908e-05,
      "tau_mean": -0.049593052817665254
    },
    "RuleOPE": {
      "mse_mean": 0.0007739466479078395,
      "mse_std": 0.00032108776516015926,
      "tau_mean": 0.07869676816960884
    },
    "JointRuleOPE": {
      "mse_mean": 0.0007824415266724633,
      "mse_std": 0.00030703007080578,
      "tau_mean": 0.10064030507875803
    },
    "DualShrinkOPE": {
      "mse_mean": 0.0008704072401034034,
      "mse_std": 0.00018017103323015416,
      "tau_mean": 0.09055330845557755
    }
  }
}