{
  "N=300": {
    "DM": {
      "mse_mean": 0.0010348739472216342,
      "mse_std": 0.00014399239076971613,
      "tau_mean": 0.08999974489265833
    },
    "DR": {
      "mse_mean": 0.0010366220848183603,
      "mse_std": 0.0001430842855574439,
      "tau_mean": 0.0657786675391144
    },
    "CIPS-DR": {
      "mse_mean": 0.0010366220848183603,
      "mse_std": 0.0001430842855574439,
      "tau_mean": 0.0657786675391144
    },
    "CascadeDR": {
      "mse_mean": 0.0010366226636024261,
      "mse_std": 0.00014308435593871622,
      "tau_mean": 0.0657786675391144
    },
    "RuleOPE": {
      "mse_mean": 0.0008182064850068011,
      "mse_std": 0.00032091348909765624,
      "tau_mean": 0.14345409861208872
    },
    "JointRuleOPE": {
      "mse_mean": 0.000892852617471493,
      "mse_std": 0.0002806917428453131,
      "tau_mean": 0.10967948308131517
    },
    "DualShrinkOPE": {
      "mse_mean": 0.0009172670699586352,
      "mse_std": 0.00024173105156473167,
      "tau_mean": 0.10925154105556527
    }
  },
  "N=600": {
    "DM": {
      "mse_mean": 0.0010392124180602417,
      "mse_std": 0.00017780254130005474,
      "tau_mean": 0.12356807236621703
    },
    "DR": {
      "mse_mean": 0.0010395463363830405,
      "mse_std": 0.00017760822570287257,
      "tau_mean": 0.1074398777121078
    },
    "CIPS-DR": {
      "mse_mean": 0.0010395463363830405,
      "mse_std": 0.00017760822570287257,
      "tau_mean": 0.1074398777121078
    },
    "CascadeDR": {
      "mse_mean": 0.0010395502126916193,
      "mse_std": 0.00017761220564241432,
      "tau_mean": 0.1074398777121078
    },
    "RuleOPE": {
      "mse_mean": 0.0009052587750958295,
      "mse_std": 0.0002555849109888316,
      "tau_mean": -0.0026239062002291536
    },
    "JointRuleOPE": {
      "mse_mean": 0.0009200181985519497,
      "mse_std": 0.0002492201651730516,
      "tau_mean": 0.18245845851722153
    },
    "DualShrinkOPE": {
      "mse_mean": 0.0009649580241750524,
      "mse_std": 0.00021674869397304326,
      "tau_mean": 0.04592031782326354
    }
  },
  "N=1200": {
    "DM": {
      "mse_mean": 0.0009606948038804646,
      "mse_std": 5.432383878390689e-05,
      "tau_mean": 0.028060687218850577
    },
    "DR": {
      "mse_mean": 0.0009599857265729563,
      "mse_std": 5.246045430349059e-05,
      "tau_mean": 0.02598793124216283
    },
    "CIPS-DR": {
      "mse_mean": 0.0009599857265729563,
      "mse_std": 5.246045430349059e-05,
      "tau_mean": 0.02598793124216283
    },
    "CascadeDR": {
      "mse_mean": 0.0009599874259333138,
      "mse_std": 5.2457800801120784e-05,
      "tau_mean": 0.02598793124216283
    },
    "RuleOPE": {
      "mse_mean": 0.0008549083080201698,
      "mse_std": 0.0001774299805111676,
      "tau_mean": 0.13835032020762875
    },
    "JointRuleOPE": {
      "mse_mean": 0.0008606315334191988,
      "mse_std": 0.0001685344391980205,
      "tau_mean": 0.11172912492278049
    },
    "DualShrinkOPE": {
      "mse_mean": 0.0009052377140511987,
      "mse_std": 0.0001093868431149558,
      "tau_mean": 0.1586285425034743
    }
  },
  "N=2400": {
    "DM": {
      "mse_mean": 0.0010057308265893302,
      "mse_std": 9.411287002783636e-05,
      "tau_mean": -0.02047101883988625
    },
    "DR": {
      "mse_mean": 0.0010055812317024658,
      "mse_std": 9.43450934683105e-05,
      "tau_mean": -0.049593052817665254
    },
    "CIPS-DR": {
      "mse_mean": 0.0010055812317024658,
      "mse_std": 9.43450934683105e-05,
      "tau_mean": -0.049593052817665254
    },
    "CascadeDR": {
      "mse_mean": 0.0010055780440929036,
      "mse_std": 9.433406908527026e-05,
      "tau_mean": -0.049593052817665254
    },
    "RuleOPE": {
      "mse_mean": 0.0007706027250153479,
      "mse_std": 0.000327164415202461,
      "tau_mean": 0.06139542625826807
    },
    "JointRuleOPE": {
      "mse_mean": 0.0007791489706075119,
      "mse_std": 0.00031298084986372885,
      "tau_mean": 0.10064030507875803
    },
    "DualShrinkOPE": {
      "mse_mean": 0.0008677675932825486,
      "mse_std": 0.00018464360749010178,
      "tau_mean": 0.09025153305435878
    }
  }
}