{
  "dataset": "TriviaQA_rc_wiki",
  "n_samples_pool": 1347,
  "scaling": {
    "150": {
      "NonCompDR": {
        "MSE_mean": 0.04124148349093845,
        "MSE_std": 0.0050159284050368645,
        "MSE_CI90": [
          0.036727147926405274,
          0.045755819055471623
        ],
        "top10_mean": 0.5651666666666666
      },
      "CompDR": {
        "MSE_mean": 0.03868783847787656,
        "MSE_std": 0.011497273953525332,
        "MSE_CI90": [
          0.028340291919703758,
          0.04903538503604936
        ],
        "top10_mean": 0.5454999999999999
      },
      "RuleOPE": {
        "MSE_mean": 0.03868783847787656,
        "MSE_std": 0.011497273953525332,
        "MSE_CI90": [
          0.028340291919703758,
          0.04903538503604936
        ],
        "top10_mean": 0.5454999999999999
      },
      "JointRuleOPE": {
        "MSE_mean": 0.039773348282610685,
        "MSE_std": 0.011164523147817003,
        "MSE_CI90": [
          0.029725277449575385,
          0.049821419115645985
        ],
        "top10_mean": 0.5454999999999999
      },
      "CompDR_vs_NonCompDR_pct": {
        "median": 8.224982939354447,
        "mean": 8.224982939354447,
        "CI90": [
          -6.819369975377482,
          23.269335854086375
        ]
      },
      "RuleOPE_vs_NonCompDR_pct": {
        "median": 8.224982939354447,
        "mean": 8.224982939354447,
        "CI90": [
          -6.819369975377482,
          23.269335854086375
        ]
      },
      "JointRuleOPE_vs_NonCompDR_pct": {
        "median": 5.45377823722672,
        "mean": 5.45377823722672,
        "CI90": [
          -8.561084056332593,
          19.468640530786033
        ]
      }
    },
    "300": {
      "NonCompDR": {
        "MSE_mean": 0.02757076914588178,
        "MSE_std": 0.009755869255922275,
        "MSE_CI90": [
          0.018790486815551736,
          0.03635105147621183
        ],
        "top10_mean": 0.5584166666666667
      },
      "CompDR": {
        "MSE_mean": 0.03241453468735367,
        "MSE_std": 0.016091696856961393,
        "MSE_CI90": [
          0.01793200751608841,
          0.04689706185861892
        ],
        "top10_mean": 0.5389999999999999
      },
      "RuleOPE": {
        "MSE_mean": 0.03241453468735367,
        "MSE_std": 0.016091696856961393,
        "MSE_CI90": [
          0.01793200751608841,
          0.04689706185861892
        ],
        "top10_mean": 0.5389999999999999
      },
      "JointRuleOPE": {
        "MSE_mean": 0.03435393404694052,
        "MSE_std": 0.016358333060831783,
        "MSE_CI90": [
          0.019631434292191913,
          0.04907643380168912
        ],
        "top10_mean": 0.54075
      },
      "CompDR_vs_NonCompDR_pct": {
        "median": -10.787674726766744,
        "mean": -10.787674726766744,
        "CI90": [
          -28.034406284698942,
          6.459056831165453
        ]
      },
      "RuleOPE_vs_NonCompDR_pct": {
        "median": -10.787674726766744,
        "mean": -10.787674726766744,
        "CI90": [
          -28.034406284698942,
          6.459056831165453
        ]
      },
      "JointRuleOPE_vs_NonCompDR_pct": {
        "median": -18.437559550903373,
        "mean": -18.437559550903373,
        "CI90": [
          -34.118470076652265,
          -2.756649025154479
        ]
      }
    }
  }
}