{
  "dataset": "TriviaQA_rc_wiki",
  "n_samples_pool": 1347,
  "scaling": {
    "150": {
      "NonCompDR": {
        "MSE_mean": 0.03508578448104214,
        "MSE_std": 0.013202278187174316,
        "MSE_CI90": [
          0.015714398121117412,
          0.05074236510924409
        ],
        "top10_mean": 0.6044833333333333
      },
      "CompDR": {
        "MSE_mean": 0.031559161054022955,
        "MSE_std": 0.01350808439443593,
        "MSE_CI90": [
          0.010369416346185543,
          0.05109220034346892
        ],
        "top10_mean": 0.56205
      },
      "RuleOPE": {
        "MSE_mean": 0.031559161054022955,
        "MSE_std": 0.01350808439443593,
        "MSE_CI90": [
          0.010369416346185543,
          0.05109220034346892
        ],
        "top10_mean": 0.56205
      },
      "JointRuleOPE": {
        "MSE_mean": 0.034332233578152564,
        "MSE_std": 0.014662923042372456,
        "MSE_CI90": [
          0.009832188506738454,
          0.053458774432183706
        ],
        "top10_mean": 0.56
      },
      "CompDR_vs_NonCompDR_pct": {
        "median": 11.034872146517266,
        "mean": 10.271176071422326,
        "CI90": [
          -25.646073685349794,
          57.4016497364797
        ]
      },
      "RuleOPE_vs_NonCompDR_pct": {
        "median": 11.034872146517266,
        "mean": 10.271176071422326,
        "CI90": [
          -25.646073685349794,
          57.4016497364797
        ]
      },
      "JointRuleOPE_vs_NonCompDR_pct": {
        "median": 2.069252696277796,
        "mean": 2.4286444252716533,
        "CI90": [
          -45.79274365575941,
          56.872235859709924
        ]
      }
    },
    "300": {
      "NonCompDR": {
        "MSE_mean": 0.035441893432902445,
        "MSE_std": 0.011264149422664996,
        "MSE_CI90": [
          0.01763192695542632,
          0.05094210148328606
        ],
        "top10_mean": 0.5853416666666666
      },
      "CompDR": {
        "MSE_mean": 0.03137543841404943,
        "MSE_std": 0.015853112882885913,
        "MSE_CI90": [
          0.011275988140572575,
          0.053296684076100484
        ],
        "top10_mean": 0.5517583333333332
      },
      "RuleOPE": {
        "MSE_mean": 0.03137543841404943,
        "MSE_std": 0.015853112882885913,
        "MSE_CI90": [
          0.011275988140572575,
          0.053296684076100484
        ],
        "top10_mean": 0.5517583333333332
      },
      "JointRuleOPE": {
        "MSE_mean": 0.03313381993628221,
        "MSE_std": 0.015930026456751706,
        "MSE_CI90": [
          0.012918903866263536,
          0.05459425042918142
        ],
        "top10_mean": 0.5525833333333333
      },
      "CompDR_vs_NonCompDR_pct": {
        "median": 8.446117666099095,
        "mean": 13.378374821674697,
        "CI90": [
          -30.257263720602996,
          58.312762370882936
        ]
      },
      "RuleOPE_vs_NonCompDR_pct": {
        "median": 8.446117666099095,
        "mean": 13.378374821674697,
        "CI90": [
          -30.257263720602996,
          58.312762370882936
        ]
      },
      "JointRuleOPE_vs_NonCompDR_pct": {
        "median": 0.9608326612848217,
        "mean": 7.7032552966785675,
        "CI90": [
          -36.212699943941615,
          52.21660975180631
        ]
      }
    },
    "600": {
      "NonCompDR": {
        "MSE_mean": 0.04686107252115935,
        "MSE_std": 0.012322402573497624,
        "MSE_CI90": [
          0.031685314327089494,
          0.058208679413313084
        ],
        "top10_mean": 0.5722708333333334
      },
      "CompDR": {
        "MSE_mean": 0.04542383606197944,
        "MSE_std": 0.015494648811641934,
        "MSE_CI90": [
          0.02714401636149514,
          0.06258614348786459
        ],
        "top10_mean": 0.5516291666666667
      },
      "RuleOPE": {
        "MSE_mean": 0.04542383606197944,
        "MSE_std": 0.015494648811641934,
        "MSE_CI90": [
          0.02714401636149514,
          0.06258614348786459
        ],
        "top10_mean": 0.5516291666666667
      },
      "JointRuleOPE": {
        "MSE_mean": 0.04608792192471188,
        "MSE_std": 0.015525557717153174,
        "MSE_CI90": [
          0.028031941701287807,
          0.06318604210411131
        ],
        "top10_mean": 0.5518916666666667
      },
      "CompDR_vs_NonCompDR_pct": {
        "median": 1.1905077060759883,
        "mean": 6.090568697126224,
        "CI90": [
          -11.737409330664141,
          32.752070003616396
        ]
      },
      "RuleOPE_vs_NonCompDR_pct": {
        "median": 1.1905077060759883,
        "mean": 6.090568697126224,
        "CI90": [
          -11.737409330664141,
          32.752070003616396
        ]
      },
      "JointRuleOPE_vs_NonCompDR_pct": {
        "median": -0.8872171496306702,
        "mean": 4.5973934400135334,
        "CI90": [
          -12.405636623254768,
          31.655946750498078
        ]
      }
    },
    "1200": {
      "NonCompDR": {
        "MSE_mean": 0.04845420910980554,
        "MSE_std": 0.006424717861704692,
        "MSE_CI90": [
          0.03797634962759993,
          0.05963451123161798
        ],
        "top10_mean": 0.5630208333333333
      },
      "CompDR": {
        "MSE_mean": 0.046005470111269195,
        "MSE_std": 0.004932869301099688,
        "MSE_CI90": [
          0.038477426573929926,
          0.05463201190345805
        ],
        "top10_mean": 0.5410916666666667
      },
      "RuleOPE": {
        "MSE_mean": 0.046005470111269195,
        "MSE_std": 0.004932869301099688,
        "MSE_CI90": [
          0.038477426573929926,
          0.05463201190345805
        ],
        "top10_mean": 0.5410916666666667
      },
      "JointRuleOPE": {
        "MSE_mean": 0.04626668721739981,
        "MSE_std": 0.004953203069456034,
        "MSE_CI90": [
          0.03875591098252036,
          0.054977124250890776
        ],
        "top10_mean": 0.5412625
      },
      "CompDR_vs_NonCompDR_pct": {
        "median": 4.936616323659926,
        "mean": 4.329950617952403,
        "CI90": [
          -8.19092108505382,
          21.798646582784542
        ]
      },
      "RuleOPE_vs_NonCompDR_pct": {
        "median": 4.936616323659926,
        "mean": 4.329950617952403,
        "CI90": [
          -8.19092108505382,
          21.798646582784542
        ]
      },
      "JointRuleOPE_vs_NonCompDR_pct": {
        "median": 4.430419867408286,
        "mean": 3.784596406342259,
        "CI90": [
          -8.872632911618838,
          21.486184150900165
        ]
      }
    }
  }
}