{
  "150": {
    "n_trials": 100,
    "MSE_NC_mean": 0.03405571735474061,
    "MSE_RO_mean": 0.030742925746989,
    "mean_log_ratio": 0.30011093615691375,
    "log_ratio_CI90_bootstrap": [
      0.19288851852385144,
      0.4147181528108635
    ],
    "log_ratio_CI90_bootstrap_t": [
      0.20046490461617272,
      0.4361610052355331
    ],
    "pct_mean": 35.00085640310411,
    "pct_CI90_bootstrap": [
      21.274758709154895,
      51.394397969899195
    ],
    "paired_t_stat": 3.0709238664214134,
    "paired_t_pvalue": 0.002755022521139694,
    "wilcoxon_stat": 3680.0,
    "wilcoxon_pvalue_greater": 3.5745971104137836e-05,
    "sign_test_n_pos": 65,
    "sign_test_pvalue_greater": 0.0017588208614850794,
    "shapiro_stat": 0.7723323958551682,
    "shapiro_pvalue": 3.806574148088868e-11,
    "log_ratio_skew": 2.0802597953665716,
    "log_ratio_excess_kurtosis": 4.59824910610647,
    "log_ratio_per_trial": [
      -0.08149670758121319,
      0.28689478156526427,
      -0.2282607369384957,
      1.0763793919026545,
      0.11410286171114548,
      0.6523889182586036,
      0.18009928736068037,
      0.06493895543610684,
      -0.2290221055788142,
      0.029096167240601822,
      0.2499601448399824,
      0.12049088332218405,
      0.22964230826786558,
      -0.02524332303642529,
      -0.22343407016535588,
      0.11975655266948282,
      -0.22014940663088955,
      0.8428882574914089,
      0.04737936881952276,
      0.16794507536217118,
      -0.4155094042432421,
      1.8994799800991289,
      0.20551655223974707,
      -0.1711698738215679,
      -0.07990852694680495,
      0.2929232756420843,
      0.08468280565077935,
      0.3655569790610582,
      0.13505504024916126,
      -0.08408105525458698,
      0.00012765155909910675,
      -0.1355814607117769,
      1.54686690744541,
      -0.061231046716483384,
      -0.09980408246658579,
      0.157927817506768,
      -0.4489037493365502,
      0.19680155311654257,
      0.1683657766600981,
      0.6815632515384844,
      0.33576878838337487,
      -0.16797480939391285,
      0.24089734147048647,
      -0.2515301189105563,
      0.31503876691871113,
      -0.2153736158048476,
      2.0347898759417076,
      -0.14587929014917433,
      0.6748055933418065,
      -0.2023112623546699,
      -0.3469263601339794,
      0.08375057580427292,
      0.14946522217025926,
      0.7266905261439804,
      0.4215475106354707,
      0.22663271709285837,
      -0.21048901033608614,
      -0.5165998738674418,
      -0.07204459131238039,
      0.532622738152337,
      0.14983119785116905,
      0.010275062468220852,
      0.4695249917755975,
      0.08738031922072054,
      -0.12379256081005563,
      -0.032038539698192814,
      1.2892875029819386,
      1.340115255381745,
      2.4511372553519655,
      -0.14435200223142175,
      0.4120706884345928,
      0.20090036415211365,
      2.157658462400268,
      -0.479491033397518,
      -0.3541444198533683,
      0.4115080843374388,
      0.27274275598975306,
      0.707804668596292,
      0.2918831810011411,
      0.09224867087701272,
      0.2693082184984168,
      -0.0666109802282655,
      1.5781168793756049,
      -0.2324796155218758,
      0.35654648871638095,
      0.1050480914910592,
      0.35042823102783904,
      2.2424227307970153,
      1.500411240977396,
      0.039710478851101794,
      3.25700840940506,
      0.6194433892090396,
      -0.03174943674870434,
      -0.1564237581203307,
      -0.026060944857335677,
      -0.04798986758179957,
      0.019362346972020994,
      -0.26499056928483933,
      0.004876611006496834,
      0.25825004749822256
    ],
    "significance_bootstrap_CI": true,
    "significance_bootstrap_t_CI": true,
    "significance_paired_t": true,
    "significance_wilcoxon": true,
    "significance_sign_test": true
  },
  "300": {
    "n_trials": 100,
    "MSE_NC_mean": 0.036270593771092666,
    "MSE_RO_mean": 0.034973125935497534,
    "mean_log_ratio": 0.2551779580118685,
    "log_ratio_CI90_bootstrap": [
      0.15127573080768034,
      0.36759452855380026
    ],
    "log_ratio_CI90_bootstrap_t": [
      0.1574559981540604,
      0.38404649816858427
    ],
    "pct_mean": 29.06912892923945,
    "pct_CI90_bootstrap": [
      16.331737630359775,
      44.425631553789536
    ],
    "paired_t_stat": 1.3250200947129873,
    "paired_t_pvalue": 0.18821459860018025,
    "wilcoxon_stat": 3279.0,
    "wilcoxon_pvalue_greater": 0.004764101557242567,
    "sign_test_n_pos": 58,
    "sign_test_pvalue_greater": 0.0666053096036067,
    "shapiro_stat": 0.7381868394002327,
    "shapiro_pvalue": 4.613989739784409e-12,
    "log_ratio_skew": 2.147171521509987,
    "log_ratio_excess_kurtosis": 4.536010346454939,
    "log_ratio_per_trial": [
      -0.2619850309424767,
      0.08746995340121266,
      -0.22981637354202844,
      -0.026758014648819106,
      0.08901565177444493,
      -0.3080858959181123,
      0.8301982183276451,
      0.2792311307870561,
      0.02493227762359318,
      0.5932149821441826,
      0.4173552635751374,
      -0.1676977084014193,
      0.41970991744298836,
      0.3598681458955504,
      0.5339542964198398,
      -0.12750287560596973,
      0.05524500790547604,
      0.007057871110525582,
      0.21531353827392463,
      0.21486974070179654,
      1.1118884864894065,
      0.4234791036733787,
      0.5086042476444881,
      0.19336609962921525,
      -0.12907639197823606,
      0.07171940008376732,
      -0.07535350009538977,
      -0.284140969561677,
      -0.15928065363037058,
      0.1405339697730552,
      0.04510671415505296,
      0.09954545872044873,
      0.1632868568282917,
      -0.10791649402233938,
      0.5520431813390623,
      -0.003950116065681186,
      0.19768328581202743,
      0.08336694935198707,
      0.03295490881570018,
      -0.3893897706231537,
      1.618271559916992,
      -0.19713595413299956,
      -0.13052076187437445,
      3.0969861343771012,
      0.5424277148898997,
      -0.19271053436978347,
      -0.08161899345706836,
      -0.08150442625248955,
      -0.05370502723352244,
      -0.1461584003218479,
      0.08472534404749155,
      0.2679365000541649,
      0.024242501109691617,
      -0.2568911984922031,
      -0.06346741219016705,
      -0.18114483354655464,
      1.0486454871808881,
      -0.46767267774805354,
      -0.25559386234673287,
      -0.02041910254494761,
      0.08551335549623884,
      0.8230555034774589,
      -0.016739291198345274,
      0.002092237406774,
      -0.16417311419348346,
      -0.45244166666337726,
      0.17469728769975568,
      0.20097418890354035,
      -0.23404944505219838,
      0.1173399692436341,
      1.093364754390672,
      0.02143367227536075,
      -0.21788522418883538,
      -0.24695225110466001,
      2.1063342121605686,
      -0.12308967163616824,
      0.24760085618913408,
      0.13178041995738843,
      2.195875622644632,
      -0.09634132562716635,
      -0.061822377883689494,
      0.3000767227041714,
      2.266253742984727,
      1.86524712421281,
      -0.19656375706432172,
      0.05207128227811042,
      1.6901235462707636,
      -0.08703845264265864,
      0.05288964018624087,
      -0.23491693100499234,
      -0.18221921638779026,
      1.5313858840101462,
      0.11144225903296645,
      0.18198061889239892,
      -0.09671460767836226,
      0.5797075486670051,
      -0.0828923310424976,
      -0.22380614661847442,
      0.3931799972273673,
      1.9762682451329354
    ],
    "significance_bootstrap_CI": true,
    "significance_bootstrap_t_CI": true,
    "significance_paired_t": false,
    "significance_wilcoxon": true,
    "significance_sign_test": false
  },
  "600": {
    "n_trials": 100,
    "MSE_NC_mean": 0.03967665513197734,
    "MSE_RO_mean": 0.03743609599158459,
    "mean_log_ratio": 0.18112310099696954,
    "log_ratio_CI90_bootstrap": [
      0.10822630515427724,
      0.262991431640039
    ],
    "log_ratio_CI90_bootstrap_t": [
      0.11471068884862824,
      0.29037576226009554
    ],