{
  "dataset": "TriviaQA_rc_wiki",
  "n_samples_pool": 1347,
  "scaling": {
    "150": {
      "NonCompDR": {
        "MSE_mean": 0.03613092193236177,
        "MSE_std": 0.01403203525843737,
        "MSE_CI90": [
          0.01734854435330499,
          0.05865946276276161
        ],
        "top10_mean": 0.5975733333333334
      },
      "CompDR": {
        "MSE_mean": 0.03305750676950378,
        "MSE_std": 0.015692261915049646,
        "MSE_CI90": [
          0.010893033685589346,
          0.061030616143212035
        ],
        "top10_mean": 0.5514833333333333
      },
      "RuleOPE": {
        "MSE_mean": 0.03305750676950378,
        "MSE_std": 0.015692261915049646,
        "MSE_CI90": [
          0.010893033685589346,
          0.061030616143212035
        ],
        "top10_mean": 0.5514833333333333
      },
      "JointRuleOPE": {
        "MSE_mean": 0.035946832509516365,
        "MSE_std": 0.016497868238560878,
        "MSE_CI90": [
          0.011452297296187684,
          0.06337100997680038
        ],
        "top10_mean": 0.5516833333333333
      },
      "CompDR_vs_NonCompDR_pct": {
        "median": 9.797773008284306,
        "mean": 8.024492562239258,
        "CI90": [
          -41.97340419054174,
          51.58986317573572
        ]
      },
      "RuleOPE_vs_NonCompDR_pct": {
        "median": 9.797773008284306,
        "mean": 8.024492562239258,
        "CI90": [
          -41.97340419054174,
          51.58986317573572
        ]
      },
      "JointRuleOPE_vs_NonCompDR_pct": {
        "median": 0.9426747036848315,
        "mean": -0.2621933926536996,
        "CI90": [
          -48.74647853152049,
          47.79055021705589
        ]
      }
    },
    "300": {
      "NonCompDR": {
        "MSE_mean": 0.03961203462468328,
        "MSE_std": 0.013198438354622036,
        "MSE_CI90": [
          0.01820888596709575,
          0.0614142667525792
        ],
        "top10_mean": 0.5762166666666667
      },
      "CompDR": {
        "MSE_mean": 0.039228982939180944,
        "MSE_std": 0.01719467998760501,
        "MSE_CI90": [
          0.0157182858574849,
          0.06937527761822378
        ],
        "top10_mean": 0.5423
      },
      "RuleOPE": {
        "MSE_mean": 0.039228982939180944,
        "MSE_std": 0.01719467998760501,
        "MSE_CI90": [
          0.0157182858574849,
          0.06937527761822378
        ],
        "top10_mean": 0.5423
      },
      "JointRuleOPE": {
        "MSE_mean": 0.040806894341645875,
        "MSE_std": 0.017176436458661206,
        "MSE_CI90": [
          0.015513368074199651,
          0.07081064805384638
        ],
        "top10_mean": 0.5429616666666667
      },
      "CompDR_vs_NonCompDR_pct": {
        "median": 3.6199764029335113,
        "mean": 2.9617088643520715,
        "CI90": [
          -29.323459372512065,
          41.396530754215036
        ]
      },
      "RuleOPE_vs_NonCompDR_pct": {
        "median": 3.6199764029335113,
        "mean": 2.9617088643520715,
        "CI90": [
          -29.323459372512065,
          41.396530754215036
        ]
      },
      "JointRuleOPE_vs_NonCompDR_pct": {
        "median": -1.593596639089312,
        "mean": -1.4875169213777708,
        "CI90": [
          -36.9425673589388,
          36.697414094484664
        ]
      }
    },
    "600": {
      "NonCompDR": {
        "MSE_mean": 0.043222878535178,
        "MSE_std": 0.008773397019858247,
        "MSE_CI90": [
          0.027815258794692117,
          0.055740513403864114
        ],
        "top10_mean": 0.5666433333333335
      },
      "CompDR": {
        "MSE_mean": 0.04215179182011623,
        "MSE_std": 0.010881312760690723,
        "MSE_CI90": [
          0.025643361271936865,
          0.060413245701480406
        ],
        "top10_mean": 0.5414300000000001
      },
      "RuleOPE": {
        "MSE_mean": 0.04215179182011623,
        "MSE_std": 0.010881312760690723,
        "MSE_CI90": [
          0.025643361271936865,
          0.060413245701480406
        ],
        "top10_mean": 0.5414300000000001
      },
      "JointRuleOPE": {
        "MSE_mean": 0.042819280525033976,
        "MSE_std": 0.01082415658262883,
        "MSE_CI90": [
          0.02643185214298521,
          0.06097842733419554
        ],
        "top10_mean": 0.54162
      },
      "CompDR_vs_NonCompDR_pct": {
        "median": 2.3196889773637706,
        "mean": 2.7722897362556846,
        "CI90": [
          -16.863599028366718,
          24.943634085141657
        ]
      },
      "RuleOPE_vs_NonCompDR_pct": {
        "median": 2.3196889773637706,
        "mean": 2.7722897362556846,
        "CI90": [
          -16.863599028366718,
          24.943634085141657
        ]
      },
      "JointRuleOPE_vs_NonCompDR_pct": {
        "median": 0.4167146543713085,
        "mean": 1.1356291257657414,
        "CI90": [
          -18.70377941813766,
          22.8896973229822
        ]
      }
    },
    "1200": {
      "NonCompDR": {
        "MSE_mean": 0.047877159053761026,
        "MSE_std": 0.007830725576314772,
        "MSE_CI90": [
          0.03856854041841409,
          0.05934311952219636
        ],
        "top10_mean": 0.5626770833333333
      },
      "CompDR": {
        "MSE_mean": 0.04559366872050293,
        "MSE_std": 0.008291549912259897,
        "MSE_CI90": [
          0.03768032263942008,
          0.05718280614656002
        ],
        "top10_mean": 0.5434683333333333
      },
      "RuleOPE": {
        "MSE_mean": 0.04559366872050293,
        "MSE_std": 0.008291549912259897,
        "MSE_CI90": [
          0.03768032263942008,
          0.05718280614656002
        ],
        "top10_mean": 0.5434683333333333
      },
      "JointRuleOPE": {
        "MSE_mean": 0.04585406150918105,
        "MSE_std": 0.008299150099028476,
        "MSE_CI90": [
          0.03794368528984034,
          0.05750814388031253
        ],
        "top10_mean": 0.5435754166666666
      },
      "CompDR_vs_NonCompDR_pct": {
        "median": 4.936616323659926,
        "mean": 5.322268297061736,
        "CI90": [
          -7.55822966395985,
          19.66587330965505
        ]
      },
      "RuleOPE_vs_NonCompDR_pct": {
        "median": 4.936616323659926,
        "mean": 5.322268297061736,
        "CI90": [
          -7.55822966395985,
          19.66587330965505
        ]
      },
      "JointRuleOPE_vs_NonCompDR_pct": {
        "median": 4.405574686616159,
        "mean": 4.75407816142393,
        "CI90": [
          -8.104245773655343,
          19.444214434529407
        ]
      }
    }
  }
}